,image,caption,image_text
0,https://storage.cloud.google.com/procvaxx/2016-09-14_13-24-34_UTC.png,Jojo (#7 #month tomorrow) with his #cute #bcg #vaccination #sigh that looks like #tatoo (not good in #Japan) #fukuoka,"B
"
1,https://storage.cloud.google.com/procvaxx/2018-08-18_00-53-04_UTC.png,"Consumer reports found at least one type of heavy metal in rach of the 50 commercial baby foods they tested. Heavy metals are not just in vaccines, they're everywhere! Be conscious of what is going into your child's body, and yours üíú
.
.
.
.
.#heavymetals #lead #healthybaby #babyfood #postpartum #vaccines #mercury #lead #organic #organicbaby #toxins #arsenic #childsafety #parenting #consumerreports #gmos","'Concerning' levels of heavy
metals in some baby foods:
Consumer Reports
By GMA Team
Aug 16, 2018, 8:16 AM ET
f
"
2,https://storage.cloud.google.com/procvaxx/2019-01-30_00-22-19_UTC.png,"I don't think these antivaxx memes will ever stop
.
.
.
.
#videogames #antivax #antivaccine #vaccination #antivaxmemes #funnymemes #joke #jokes #youtube #youtuber #youtubers #fortnite #fortnitememes #edgy #edgymemes #dankmemez #dankmemes #dankmemesdaily #fun #funny  #meme #memez #memezdaily #memestar #memestagram #memesüòÇ #memes #memeslayer #memes #memesdaily","When you've just been born and
you hear your parents telling the
doctors that you won't be vaccinated.
SELECT DIFFICULTY
Recruit
Regular
Hardened
Veteran
You will not survive
"
3,https://storage.cloud.google.com/procvaxx/2015-01-26_21-49-44_UTC.png,My sweet darling little Lela Rose baby got her shots this morning but still has kept her sense of humor through it all. Quick PSA measles and pertussis are back and are making their rounds so make sure to protect yourself and those around you by keeping up to date on your vaccinations Xoxoüíó,"XOXO
XOXO
XOXO
XOXO
XOXO
XOXO
XOXO
XOXO
XOXO
XOXO
XOXO
XOXO
XOXO
XOXO
XOXO
XOXO
XOXO
XOXO
XOXO
XOXO
XOXO
XOXO
XOXO
XOXO
XOXO
XOXO
XOXO
XOXO
XOXO
XOXO
XOXO
XOXO
XOXO
XOXO
XOXO
XOXO
XOXO
XOXO
XOXO
XOXO
XOXO
XOXO
XOXO
XOXO
XOXO
XOXO
XOXO
XOXO
XOXO
XOXO
XOXO
XOXO
XOXO
XOXO
XOXO
XOXO
XOXO
XOXO
XOXO
OXOX
"
4,https://storage.cloud.google.com/procvaxx/2019-02-03_23-05-26_UTC.png,"Moms need mom friends .
.
.
.
.
.
.
.
#funnymoms #motherhood #momfriends #awkwardmoms #vaccinations #motherhoodunplugged #parentingmemes #mommemes #parentfunny #momprobs #missedconnections  #sahm #momblogger #parentjokes #havekids #momlife #momcode #newmom #momcom #howtobeamom #pickuplines #momsofinstagram #momdating","MISSED CONNECTIONS:
BRUNETTE MOM ACROSS THE KIDS
SECTION OF THE LIBRARY. I SAW YOU
LOOK. WANT TO GRAB COFFEE AND TALK
VACCINATIONS?
MOM COMNYC
"
5,https://storage.cloud.google.com/procvaxx/2016-02-27_18-01-40_UTC.png,Research vaccine shedding.  #vaccines #vaccine #polio #vaccineswork #vaccinessavebro #testify,"‚ÄúJONAS SALK, INVENTOR OF THE IPV. TESTIFIED
BEFORE A SENATE SUBCOMMITTEE THAT
NEARLY ALL POLIO OUTBREAKS SINCE 1961
WERE CAUSED BY THE ORAL POLIO VACCINE‚Äù
ingilp.com
"
6,https://storage.cloud.google.com/procvaxx/2019-03-06_15-47-37_UTC.png,Haha üòÇüëå #dank #memes #dankmemes #extradank #cringe #offensive #follow #tiktokmemes #funny #meme #tiktok#antivaxmemes #iphonememes #andriodmemes #followme #illegalmemes #apple #android #triggered #spicymemes #memesdaily #edgy #humor #offensivememesmatter #incestmemes #fornitememes #fornite #apexmemes #apexlegends #cringememes,"SON
MINION
QUOTES
DESPICABLEMEMIMIONS.ORG
A COP PULLED ME OVER
AND SAID ""PAPERS...
I SAID
""SCISSORS, I WIN!""
AND he shot me
because of my
race
"
7,https://storage.cloud.google.com/procvaxx/2017-02-24_04-56-52_UTC.png,"#Repost @brittneykara with @repostapp
„Éª„Éª„Éª
I love doctors who are brave and tell the truth! üôåüèª #vaccines #vaccineinjury #vaxtruth #cdcfraud #unvaccinatedkids #health #truth","""I have over 13,000 children in my pediatric
practice and I have to say, as unpopular as
this observation might be, my unvaccinated
children are by far the healthiest.""
Paul Thomas, MD
Integrative Pediatrics
17
brittneykara
"
8,https://storage.cloud.google.com/procvaxx/2019-04-12_12-26-18_UTC.png,"Variola Virus | Plaguing millions of individuals in the 20th Century, the variola virus or commonly known as Smallpox, was eradicated by 1980. .
All remaining samples of the virus were recommended by the WHO to be destroyed or sent to containment facilities. However, the threats of use as a biological weapon still exist today. .
The variola virus has a single linear double stranded DNA. While the variola virus only affects humans, there are 3 other orthopoxviruses (genus) that can infect humans: vaccinia, cowpox, and monkeypox. .
Smallpox was eradicated through a combination of surveillance and identificstion of new cases, and a method refered to as 'ring vaccination'. This meant any individual suspected to have contracted the virus was found and treated as soon as possible, this preventing it's spread. .
I highly recommend a documentary by @historychannelcanada called 'The Deadly Smallpox Virus'.
‚ú®
.
.
.
.
.
.
#science #sciart #sciartist #scienceart #scienceeducation #art #illustration #digitalart #biology #chemistry #education #photoshop #wacomtablet #wacomintuos #instaart #autism #molecular #biochemistry #microbiology #molecularbiology #guthealth #etsy #vitamins #nutrition #virus #vaccines #botany #plants #variola #smallpox","AAAAAAAA
OB
S
mat
Ozuna
"
9,https://storage.cloud.google.com/procvaxx/2019-01-20_18-49-19_UTC.png,"The #flushot not only didn‚Äôt protect this young woman from the #flu but also didn‚Äôt protect her from #death. 
But what really killed her? Was it the #vaccine that weakened her system, was it #tamiflu was it #westernmedicine #allopathicmedicine #pharma 
We are weakening our immune systems with all this food that has no nutritive value, and all these drugs and vaccines that contain weak poisons. #vaccinefree #nongmo #organic","KTSM.com
Health and Medical
Woman in mid-20s with
no underlying medical
conditions dies from flu,
had received vaccine
II
"
10,https://storage.cloud.google.com/procvaxx/2014-06-29_15-43-45_UTC.png,"Now, the invention of the scientific method and science is, I'm sure we'll all agree, the most powerful intellectual idea, the most powerful framework for thinking and investigating and understanding and challenging the world around us that there is, and that it rests on the premise that any idea is there to be attacked and if it withstands the attack then it lives to fight another day and if it doesn't withstand the attack then down it goes. Other things don't seem to work like that; they have certain ideas at the heart of it which we call sacred or holy or whatever. That's an idea we're so familiar with, whether we subscribe to it or not, that it's kind of odd to think what it actually means, because really what it means is 'Here is an idea or a notion that you're not allowed to say anything bad about; you're just not. Why not? - because you're not! (Edited)
#science #knowledge #vaccination #mars #universe","THIS WEEK IN SCIENCE
Brain implant lets
paralyzed man
move hand with
his thoughts
New promising
brain cancer
vaccine has been
developed
NASA
successfully tests
flying saucer
vehicle for landing
on Mars
Newfound alien
planet 'Gliese
832c' may be able
to support life
Potential
Alzheimer's drug
prevents abnormal
blood clots in
the brain
Physicists have
made it 72 times
faster to boot up
quantum
computers
Lab-grown mini
beating human
hearts 'may lead
to a cure for
heart disease
Researchers
have genetically
modified bacteria
to prevent
obesity
"
11,https://storage.cloud.google.com/procvaxx/2019-02-22_23-33-30_UTC.png,"JFHSJKDKS -üëª ‚Ä¢
‚Ä¢
‚Ä¢
‚Ä¢
#flop #flops #flopaccount #wack #annoying #dumb #antivaxxer #antivaxmom #vaccinateyourkids","AE
MOLAARS
ST
ME
LAANRS
OS
T
ONE
EUNITEDS
ASA
AB 79307102 X
NE UND
DDORRARS
"
12,https://storage.cloud.google.com/procvaxx/2015-07-02_10-40-53_UTC.png,#thewalkingdead #twd #walker #zombie #horror #scary #twisted #sick #bloody #gross #art #pen #ink #drawing #cartoon #comic #spoof #series #action #adventure #crazy #mad #Hobart #injection #vaccine #thestumblingdead,"WA
on! Thank you!
Thank you! I
feel great now!
How can I ever re-pay
p you for this my
frienal?
"
13,https://storage.cloud.google.com/procvaxx/2019-02-18_22-20-22_UTC.png,We had #emersonpaige ‚Äòs #2month checkup today. she‚Äôs doing great and getting so big! But mommy about lost it during her #vaccinations ! She‚Äôs such a good sweet baby I‚Äôve never heard her have real cries of pain . Mommy is traumatized !,"AAA-A-AA
2
MON
LeveS Stecping onmommy her pacifier her Swing.
her Shoo, and Singing Hates getting her shots!
Emerson Paise)
"
14,https://storage.cloud.google.com/procvaxx/2019-03-26_16-43-13_UTC.png,"Today we commemorate the 66th anniversary of the polio vaccine! Thank you, Dr. Jonas Salk. #immunizeyourkids #vaccinessavelives #immunizationsaveslives #antivaxxersareidiots #preventabledisease", 
15,https://storage.cloud.google.com/procvaxx/2017-12-21_11-27-05_UTC.png,"I still can't get an answer to this simple question!

#vaccine #vaxxed #vaccination #pediatricnurse #pediatrician #doctor #nurse #medical","HOW IN THE HELL
ARE UNVACCINATED
CHILDREN
A DANGER TO
VACCINATED
CHILDREN
IF VACCINES
ACTUALLY WORK?!
The Free Thought
PROJECT.COM
"
16,https://storage.cloud.google.com/procvaxx/2017-05-09_00-10-49_UTC.png,"While #Minnesota deals with a #measles #outbreak as a result of #antivaccine attitudes, let's not forget what #vaccines have done and do for #publichealth --> for more on the #measlesoutbreak see: http://wrd.cm/2pVDGKE","WORLD HEALTH
THE MAGAZINE OF THE WORLD HEALTH ORGANIZATION - MAY 1980
smallpox is dead!
"
17,https://storage.cloud.google.com/procvaxx/2018-10-24_09-02-15_UTC.png,Government is causing the Autism epidemic #rns #rn #rnlifeüíâüíä #rnlife #aluminum #vaccines #vaccinesmaim #slowpoison #wakeup #followtheblacksheep #donotfollowtheherd,"""Shockingly High""
Levels of
Aluminum in
Brains of
Individuals with
Autism Suggests
Link with
Aluminum-
Containing
Vaccines
"
18,https://storage.cloud.google.com/procvaxx/2019-03-17_04-20-42_UTC.png,"What do we want?
Our kids to live! 
When do we want it? 
Right fucking now! üñïüèæ
-
-
-
-
#vaccinateyourshittykids #vaccinateyourfuckingkids #vaccines #vaccinessavelives #youarenotadoctoryouareabitch #vaccinated #vaccinate","VACCINATE
Your
Shitty
Kids
#vaccinateyourshittykids
"
19,https://storage.cloud.google.com/procvaxx/2018-03-02_17-27-20_UTC.png,"You would think medical freedom would be considered a fundamental right in the Land of the ""FREE""... But that would cut into pharmaceutical industry profits. $$ Who cares about people when profits are the priority?!! üò≥üò¢ #peopleBEFOREprofit #learntherisk #pharmaFREE #vaccineFREE #vaccines #gardasil","CA
"
20,https://storage.cloud.google.com/procvaxx/2017-04-20_22-15-37_UTC.png,"If money is the root of all evil,  then buy this flat earth merchandise!! The officially licensed gear of the flatearth society!! üòÖüòé $$$$ #woke #nasa #conspiracytheory #nwo #trump #chemtrails #zionist #vaccines #fluoride #freemason #falseflag #flatearth #illuminati #reptilian #flatearth #pseudoscience #falseflag #miakhalifa","14
2397
followers following
posts
Follow
The Official Flat Earth Store.
www.myearthisflat.com/
THE EARTH
IS FLAT
FLAT EARTH
FLAT EARTH
THE EARTH IS FLAT.
FLAT EARTH
THE EARTH IS FLAT
MYEARTHISFLAT.COM
yearthistlat.com
BALLERS BF UKE
ol
"
21,https://storage.cloud.google.com/procvaxx/2018-01-24_17-54-31_UTC.png,"#Vaccines #save an estimated 3x more #lives than seat belts & child restraints combined annually (US)! Our #mobile #medical products are #topoftheline #medicalgrade materials - #durable #weatherresistant #nonporous #lightweight #secure #customizable
with optional #refrigeration! #PortEquip 
http://ow.ly/hD0u30hX7hE","PORT
EQUIP
Workstations
"
22,https://storage.cloud.google.com/procvaxx/2017-03-26_17-31-54_UTC.png,"...
#FuckTheGovernment 
#Killuminati2k16 #NWO #Illuminati #Jesus #Saves #Earth #Anonymous #Satan #Rothschild #Federal #Reserve #Bilderberg #TV #Bankers #Vaccine #Autism #Cancer #FDA #FEMA #NASA #Cloning #Nikola #Tesla #Zionism #Israel","MOM: DON'T
SIT TOO CLOSE
TO TV. IT'S BAD
FOR YOUR
EYES.
20
YEARS
Oculus
aks
LATER...
"
23,https://storage.cloud.google.com/procvaxx/2016-09-06_11-55-52_UTC.png,'Merika üá∫üá∏ü§ñüíÄüññüèº #america #usa #2016presidentialelection #clinton2016 #trump2016 #imwithher #makeamericagreatagain #zombie #fluoride #vaccines #meds #vote #voter #americans,"I'VE DRANK THE FLOURIDE, WATCHED THE TV, TAKEN ALL
OF MY VACCINATIONS AND PRESCRIBED MEDICATIONS
THEFREETHOUGHTPROJECT.COM
NOW I'M READY TO VOTE
"
24,https://storage.cloud.google.com/procvaxx/2019-03-02_14-47-14_UTC.png,"#Repost @healthnutnews with @download_repost
„Éª„Éª„Éª
shit is getting real, folks. Just this morning house representative Adam Schiff of California asked Amazon why they have this information up and basically bullied them in a letter. By the afternoon? The cheater, liar, pro GMO, pro vaccine antichrist, Jeff Bezos/Amazon had it taken down.  Vaccine #Vaccines #Vaccinate #Vaccinated #Backs #LearnTheRisk #vaxxed #healthnutnews #StillNeverTakenADimeInDonationsFromAnybody #WeReportTheNewsButStillTurnDownMillionsFromDonorsSoWeCouldTellTheTruthUnlikeMostHealthSites","Anti-vaccine movies disappear
from Amazon after CNN Business
report
By Jon Sarlin, CNN Business
Updated 6:35 PM EST, Fri March 01, 2019
0:12
"
25,https://storage.cloud.google.com/procvaxx/2017-03-16_13-55-57_UTC.png,"Hey! My day started by crafting this sling out of a scarf!  Why? Because the vaccine shot I got in my left (drawing arm) shoulder hurts like it was broken. This week, huh?

#diy #diyhealthcare #vaccines #cancer #fuckcancer #selfployed #freelance","RESE
"
26,https://storage.cloud.google.com/procvaxx/2017-01-29_18-59-57_UTC.png,The struggle is real üöø  #vaccines #shots #dontvaccinate #poison #autism #sids #ADD #ADHD #dangerous #pharma #killers #edugatebeforeyouvaccinate #vaccinefree #organic #nongmo #toxinfree #allergys #vaccinedamage #toxicfreekids #government #novax #vactruth #vactruth #autistic #dr #medicate #allergies #sick #corruption #populationcontrol,"When you tryna be healthy
@gmo_gus
but you gotta shower
in fluorinated tap water
"
27,https://storage.cloud.google.com/procvaxx/2018-05-07_07-05-37_UTC.png,"Welcome to Microbiology Mondaysü§ó! The first of two weekly posts I'm launching this month.
-
Let's talk about antibioticsüíä! You may have encountered these (or been fortunate enough not to need them! Antibiotics are small molecules that either prevent the growth of‚è≥, or directly kill‚ò†Ô∏è, bacteria. What you may not know about them is that the majority of antibiotics in circulation are derived from organisms in complex microbial communities, such as soil, and natural resistance to these is common!
-
So...why does that matter to us? Since the advent of penicillin in 1942, there have only been a handful of new antibiotics discovered to date, and with almost every antibiotic we have there has been a human caseü§ï example of infections with a bacteria that is resistant to one (or all of them disturbinglyüòµ). We are quickly entering the ""post-antibiotic era""...which is almost more disturbing that climate changeü§Ø.
-
Enter Teixobactinüë®üèº‚Äçüî¨! This is a really exciting new antibiotic, also isolated from a bacteria that resides in soil. What's exciting about this is that it is a highly unusual molecule with no detectable reistance!. It affects what is known as ""Gram positive"" bacteria, examples of which you may knowüí≠ as golden staph and tuberculosis. Teixobactin is produced much like any other gene (as a protein!üçó), so it is very possible to manipulate the gene to increase its effect! Such improvements in structure have shown extremely promising results in mouse models of infection, making it one of the most potent antibiotics known for Gram positive bacteria.
-
Why does this matter? It is imperative that we keep finding üïµÔ∏è new ones, quickly testing themüî¨, making them betterüí™ and, importantly, making sure they are safe for use in humansüë®‚Äçüë©‚Äçüë¶‚Äçüë¶! Without these kinds of discoveries we could very quickly enter a period where even a minor infection could be life threatening as we would have no drugs with which to treat itüò±!
-
Have you encountered a ""resistant"" infection before? What do you think about the use of genetic modification to enhance the effectiveness of antibiotics? Let me know in the comments belowüëá!","Article
A new antibiotic kills pathogens without
detectable resistance
Losee L. Ling, Tanja Schneider, Aaron J. Peoples, Amy L. Spoering, Ina Engels, Brian P. Conlon, Anna
Mueller, Till F. Sch√§berle, Dallas E. Hughes, Slava Epstein, Michael Jones, Linos Lazarides, Victoria A
Steadman, Douglas R. Cohen, Cintia R. Felix, K. Ashley Fetterman, William P. Millett, An thony G. Nitti,
Ashley M. Zullo, Chao Chen & Kim Lewis
Received: 29 July 2014
Nature 517, 455-459 (22 January 2015)
Accepted: 19 November 2014
doi 10.1038/naturel 4098.
Download Citation
Published: 07 January 2015
Erratum: 25 February 2015
Antibiotics An timicrobial resistance
Corrected online 21 January 2015
Natural products Targetidentification
"
28,https://storage.cloud.google.com/procvaxx/2013-05-06_15-50-53_UTC.png,happy nurses week to all the nurses and murses out there! üíâüíäüìü‚òéüìùüè• #nurses #doctors #obgyn #triage #ER #oncology #gastroenterology #dermatology #urology #plasticsurgery #nephrology #pediatrics #medsurg #nursing #hospital #clinic #getwellspoon #L&D #endocrinology #stressed #patients #meds #valium #codeine #cocktail #gloves #vaccine #injections,"Happy Nurses
Week! Don't
forget your
valium and
codeine cocktail!
ME
somee cards
user card
"
29,https://storage.cloud.google.com/procvaxx/2016-05-18_12-12-07_UTC.png,"The Book of Giant Stories. Written by David L. Harrison and illustrated by Philippe Fix.

1. ""The Little Boy's Secret""

#vintage #childrensbook #kidsbook #kidsbookstagram #bookstagram #bookcollection #illustration #giants #measles","T
he castle door had been left open, and since the giants
had promised the little boy that he could go, he walked
on home
He told his mother his secret, but she didn't yell and run away.
She put him to bed and fed him some supper
T
he next morning when the little boy woke up, he was
covered from head to toe with bright red spots.
""Now I can tell everybody what my secret was."" he said with a
smile. ""My secret was..IM GETTING THE MEASLES
7
"
30,https://storage.cloud.google.com/procvaxx/2016-10-12_21-51-58_UTC.png,David being weighed at the Under five clinic. #vaccineswork Last week there was a huge measles rubella vaccination outreach program in Zambia. It reached millions of children.  #africa #travel #impacttravel #socialgood #health #globalhealth #children #subsaharanafrica,"ar rachoma
maleya kdonl
DAND D E
oiTi
"
31,https://storage.cloud.google.com/procvaxx/2019-04-06_13-47-50_UTC.png,#meme #dankmemes #fortnite #meme #antivax #bread #elonmusk #dank #weirdmemes #weird #weirdalyankovic #memesdaily #memesüòÇ #memevideos #memesbrasil #memeteam,"ark mode users:
ight mode users posting a
creenshot:
¬∑
Haha!
Now you're blind!
freshstolenmemesig
"
32,https://storage.cloud.google.com/procvaxx/2019-04-02_19-37-57_UTC.png,"Fat dissolving injections deal with those stubborn areas of fat including double chins and love handles.
For further information give us a call  #fat #fatinjection #nursepractitioner  #mansfield #doublechin #doublechinremoval #desoface #desobody #injections #antiwrinkleinjections #antiwrinkle #cqc #cqcregistered #travelclinic #vaccinations #bloodtests","c/point
0.2 cc / point
0.2 cc / point
Double chin
Abdomen
Love Handle
c/point
0.2 cc / point
0.2 cc / point
Upper arms
Outer thighs
Inner thighs
"
33,https://storage.cloud.google.com/procvaxx/2017-11-14_09-39-29_UTC.png,#picure  #vaccin #vaccinations  #senegal #saintlouis #africadocumentary,"A
INSTITUT PASTEUR D'ALGERE OF
ll
Lill dia
CENTRE DE VACCINATION ANTI-RABOLE EN UNTERNETUKAS
"
34,https://storage.cloud.google.com/procvaxx/2017-08-06_01-08-11_UTC.png,"My husband and I just watched it on Amazon. Interesting documentary. Definitely one to check out. 
And if you're into debates, this is not the place to do it üòâ
#vaxxed","VAXXEDTHEMOVIE.COM
WATCH WITH PRIME VIDEO amazon
VAXXED
FROM COVER-UP
TO CATASTROPHE
"
35,https://storage.cloud.google.com/procvaxx/2017-09-09_01-15-35_UTC.png,"#GOODMORNING and welcome to day 363 of OPERATION #SAVETHEWORLD!

BEAT THE #ILLUMINATI!
BREAK THE #NEWWORLDORDER!
SAVE THE WORLD FROM EVIL!

The #power of #love will lead us to #victory!

#peaceful #revolutionary #sensational #motivational #inspirational #healthy #positive #fighter #brazilianjiujitsu #grappling #vegan TWO-TIME GUINNESS WORLD RECORD BREAKING #DJ!

#fight #revolution #geoengineering #chemtrails #antivax #fluoride #policebrutality #policestate #war #GMO #FREEDOM!","MOK
THE
SIVE
THE
WORLD
ARMY
YOBAR WITNESSING
SHORN DE MEINE
ATTEPATU 396K THE
SINESS WILL
1939AU FOR THE
2.MESST DJI
11959 190 BENE
ST HUMINTO
US $365
WITIRULISHOWBIS
SHEVIG AA N RAINERVULUTT!
SHOWROOM
SURUAN
12
mam
DON'T GIVE UP!
WE WILL SURVIVE!
Smokin Joe Mekhael - General of The Save the World Army
"
36,https://storage.cloud.google.com/procvaxx/2013-04-28_18-36-58_UTC.png,"Im actually not a nails person but when it comes to bein bored, annoying my sister and violating her nail varnish collection i'll do it! #lool #nails sick #design #polkadots #toadstools #measles? #yeehh", 
37,https://storage.cloud.google.com/procvaxx/2018-05-24_13-43-14_UTC.png,"‚ñ∂Ô∏è From www.LearnTheRisk.org ‚óÄÔ∏è üö´üíâüö´ The evidence surrounding what is actually in vaccinations is INSANE. If you do a quick google search of MRC-5 Cells (which are IN many vaccinations) - it gives a quick overview of what MRC-5 is.. ‚ÄúMRC-5 (Medical Research Council cell strain 5) is a diploid human cell culture line composed of fibroblasts derived from lung tissue of a 14 week old aborted caucasian male fetus.‚Äù ...........üö®üö®ü§Æü§Æ That is a KEY ingredient, being injected into billions of bodies worldwide!! ü§Æü§Æüö®üö® No wonder there‚Äôs so many feral sicknesses, deficiencies, allergies, auto-immune diseases and neurological disorders, etc etc.. Humanity is being poisoned.. SO EVIL.. üö´ I REBUKE ALL evil, in JESUS name, amen! üö´ #Vaccines #VaccineHarm #VaccineInjury #VaccineSideEffects #VaccinesKill #EducateBeforeYouVaccinate #LearnTheRisks #AutoImmunity #HumanHealthProblems #ChronicIllness #Disease #Healthcare #BIGPHARMA #PharmaceuticalCompanies #Children #ProLife #AntiVaxxer #ResearchVaccinationIngridients #AnimalCells #AnimalCellCulture  #HumanCells #HumanTissueCulture #AbortedHumanFetuses #MRC5Cells #ChemicalWarfare #Eugenics #Depopulation #EliteControl #NewWorldOrder #GeorgiaGuidestones","VACCINES DO MORE
HARM THAN GOOD
Did you know...
Vaccines contain human fetal
There are GMOS in vaccines.
Genetically modified animal
cells and yeast are in most
cells from aborted babies.
Aluminum is an industrial
by-product and known
neurotoxin at vaccine doses
vaccines.
Formaldehyde is an industrial
pesticide and known to cause
cancer. It is used in vaccines.
No amount is safe for injection.
it is the main additive in some
vaccines.
The chemicals in vaccines are
linked to neurological and
Vaccines have never been
studied long term or for safety
in combination, yet multiple
doses are given per doctor visit.
autoimmune issues like autism,
ADHD, speech delays, asthma,
lupus, crohn's disease, type 1
diabetes and food allergies.
The US gives twice as many
vaccines as most developed
There are more than 100 bills
in 38 states pushing for
mandatory vaccinations for
children and adults.
countries and also has one of
the highest infant death rates
in the developed world.
Please get involved.
LEARN
THE
RISK
When there is a RISK,
there must be a CHOICE
"
38,https://storage.cloud.google.com/procvaxx/2018-05-25_13-15-03_UTC.png,"Newborn antibiotic ointment is used primarily to fight eye infections and prevent blindness associated with the transmission of gonorrhea and chlamydia.  If the birthing mother does not carry these sexually transmitted infections, the ointment is completely unnecessary.  Typically, women are screened at least twice during pregnancy for gonorrhea and/or chlamydiaand undergo treatment, if necessary.  Most states governed in the U.S. mandate that newborns undergo prophylaxis treatment via application of the ointment, regardless of the mother‚Äôs status or birthing method (vaginal or cesarean). Research this routine newborn intervention!! You CAN exercise your right to informed refusal and here are a few reasons why you should:

1.  It may be unnecessary for YOUR baby given the  situation;
2. Erythromycin ointment is an antibiotic that can still harm your baby‚Äôs natural gut flora;
3. It can cause eye irritation and blurred vision which interferes with bonding and the establishment of breastfeeding. ü§±üèª Doctors take an oath to first do no harm.  This medication may seem harmless but it‚Äôs not.  In fact, the label itself says to keep out of the reach of children.  Ironically, that‚Äôs who it is administered to most frequently! If the medical and pharmaceutical professions recommend something for your baby that is completely unwarranted, what else are they recommending that might be unnecessary or perhaps even harmful? ü§îü§®üßê If you plan to birth in a hospital, check your state laws and make sure you aren‚Äôt living in a police state (like New York). Some hospitals decline the parental right to informed refusal and will call CPS and have the baby removed temporarily from your custody so the ointment can be administered.  Talk to your doctor.  Note your desire to refuse in your birth plan if this is something you wish to decline.  If you can‚Äôt decline because the law does not permit you the liberty to do so, ask for administration to be delayed by several hours so you have a chance to bond before the baby‚Äôs vision is blurred for no dang good reason.

#questioneverything
#evidencebasedbirthing
#informedparenting","My mama is STD free.
Please, NO eye ointment for me!
AnEmpoweredBirth.com
FB/AnEmpoweredBirth
"
39,https://storage.cloud.google.com/procvaxx/2018-02-22_11-43-02_UTC.png,"Humans are the only species that drinks milk from another species
_______________________________________________
Cows are mammals. Just like other mammals, when a cow has a baby, her body will make enough milk for her baby. When the calf is born, its taken away from its mother and killed so that the cows can produce milk for human consumption.
‚Ä¢
‚Ä¢
‚Ä¢
#nwo #newworldorder #truthseeker #gmo #chemtrails #fluoride #brainwashed #matrix #rothschild #vaccines #vegan #vegetarian #haarp #mindcontrol #depopulation #flatearth #monsanto #rfid #peta #agenda21 #hemp #cannabis #anonymous #anonymousforthevoiceless #fema #taxationistheft #illuminati  #aspartame #introvert #davidicke","Don't be
n't be a weird
Go vegan!
¬©MELINDA HE
"
40,https://storage.cloud.google.com/procvaxx/2019-01-20_00-19-47_UTC.png,#1984 God speed Q #thesepeoplearestupid WHERE WE GO ONE WE GO ALL . . . . #wwg1wga #thegreatawakening #wherewegoonewegoall #trumptrain #qanon #sethrich#whoissethrich #magapill #mood #kek #praisekek #america #hightimes #shadilay #donaldtrump #trump #POTUS #covfefe #makeamericagreatagain #MAGA #dragonenergy #pedogate #americafirst #walkaway #vaccineskill #infowars #beyonce #drake,"4MME
79% 41 2:32 PM
O
YA
SHARES
VNNEONNETILE
Largest Migrant Group to Enter Arizona Tunnelled Under
Border Fence, Feds Say
The group consisted of families and unaccompanied minors mainly from Guatemala
By: Daniel Newton on 19th January 2019 @ 4.00pm
¬© press
< PREV
BOOKMARKUS
NE SO
"
41,https://storage.cloud.google.com/procvaxx/2017-05-02_23-36-36_UTC.png,"To promote social consciousness you must first be willing to seek truth in all social issues and solutions to the oppression of all people.

This means to avoid common traps such as following ""trends"" or getting caught up in believing lies told by the government or politicians that are ""too big to be true"". You cannot support SOCIAL consciousness by being pro ANY race. It only feeds into the differences between us, used by the elite to divide us (religion, race, orientation, nationality, etc.) Social consciousness is the acknowledgement of being part of the 99 percent against 1 percent of the elite political Zionist. 
#99percent #wearethe99percent #socialconscienceness #peace #love #unity #serenity #zionist #governmentcorruption #rothschild #rockerfeller #newworldorder #ww3 #trump #obama #killary #chemtrails #globalwarming #vaccines #gmos #911 #pizzagate #prayforsyria #prayforpalestine #savethechildren #savetheoceans #savetheanimals #savethetrees  #2017","HOW YOU SAY YOU ""WOKE""
BECAUSE YOU UNDERSTAND THE MATRIX?
??
22?
IG:IDARRICASH
DONTYOUREALIZE ENTERTAINMENTIS
USED TO MISLEAD SHEEPLE?
"
42,https://storage.cloud.google.com/procvaxx/2017-01-03_16-04-58_UTC.png,"Christian and Danielle Holms are in the hardest battle of their lives as they face off with 'legal kidnappers' also known as #CPS and United States government at their custody hearings in court that began in December. Their child was stolen from them immediately after giving birth and filled with poisonous #vaccines against their consent. Supporters have learned that ‚Äúmerely an hour after taking their baby,‚Äù vaccines were ordered at the Anniston Regional Medical Center for vaccines. This is despite the fact that Danielle and Christian Holm declined all vaccinations and¬†‚Äúeven signed a waiver form to deny consent of vaccination.‚Äù The parents were reportedly heartbroken when they obtained paperwork showing the order for the shots that they had refused. Danielle has 3 bachelors degrees, including one in biology and another in psychology. She has researched vaccines and the Vitamin K shot in depth. She understands the physical risks of vaccination as well as the psychological impact of pain on the newborn. For these reasons, she and her husband made the decision to decline the injections.

Alabama law does not mandate either vaccinations or Vitamin K for newborns, so the parents are within their legal rights to refuse. #toprevolutionaryblog #cityovgods","FBI Investigates Baby
Kidnapped from Couple in
Alabama Who Declined
Birth Certificate and SSN
Baby Given Shots Despite
Parents' Denial of
Consent
"
43,https://storage.cloud.google.com/procvaxx/2019-03-04_23-00-09_UTC.png,You can help protect yourself by getting your HPV vaccine and  using condoms and dental dams. #sextalkyyc #hpv #prevention #protection #vaccination #condoms #safersex,"ABOUT 75% OF
SEXUALLY ACTIVE
CANADIANS
WILL GET
HPV
Alberta Health
Services
Sexual & Reproductive
Health
"
44,https://storage.cloud.google.com/procvaxx/2017-01-16_04-14-40_UTC.png,"#Repost @illuminati.killers
„Éª„Éª„Éª
#vaccination #vaccines","HOW ARE UNVACCINATED
CHILDREN A DANGER TO
VACCINATED CHILDREN...
IF VACCINES
WORK?
MARCS
"
45,https://storage.cloud.google.com/procvaxx/2017-08-15_21-05-17_UTC.png,"Although intimidating in appearance, this Press-O-Jet Injector Gun, prototyped by the @WalterReedArmyResearch and currently on display at NMHM, enabled large-scale distribution of vaccines and medications during the Vietnam War era. #ImmunizationAwareness #Vaccination #Vaccine #Immunization #VietnamWarEra #OnDisplay #ObjectoftheDay
#MilMed #MilitaryMedicine #MedicalMuseum ______________________________________________ (M-179.00155: silver colored metal handheld device in the shape of a gun inscribed ‚ÄúPRESS-O-JET / BY Z&W CLEVELAND, OHIO‚Äù on the side. Inside wood case with accessory pieces.)","PRESS-O-JET
BY Z & W
CLEVELAND, OHIO
"
46,https://storage.cloud.google.com/procvaxx/2018-08-24_19-31-12_UTC.png,"Can we get a high five for Strong Families? ‚úãWe are committed to ensuring our patients feel comfortable and receive the best treatment (especially our little ones!). #StrongFamiliesMedical #SFMGOC
.
.
.
.
.
#Healthcare #Health #Medical #Pediatrics #FamilyMedicine #Medicare #ObamaCare #Doctors #HealthTips #MHealth #HealthCareForAll #Physician #PatientEngagement #Patient #PatientExperience #Flu #PediatricCare #Pediatrician #KidsHealth #HealthyLiving #FluSeason #Vaccine #ChildrensHealth #HealthTalk #MedEd #DigitalHealth","Crentl Kiteben
"
47,https://storage.cloud.google.com/procvaxx/2019-02-19_00-02-51_UTC.png,#medicine #usmlestep1 #med #infectology #measles #koplik #medics,"What are Koplik Spots?
Appearance: Small blue-gray specks on a red base
Location: on buccal mucosa
When: near the end of the prodromal stage of a
measle infection, just before the appearance of a
rash
"
48,https://storage.cloud.google.com/procvaxx/2017-05-24_18-58-42_UTC.png,"#FUCKVaccines
üëâ@nathan11.11 -  The #Alabama Department of Public Health has confirmed that an outbreak of pertussis ‚Äì also known as whooping cough ‚Äì in the state was caused by children recently vaccinated against the contagious illness.

The number of people with confirmed #whoopingcough has risen to 19 in an outbreak linked to local schools in #ChambersCounty, where it spread from recently #vaccinated to children to adults.

The Alabama Department of Public Health began investigating the outbreak earlier this month after 6 students came down with the highly-contagious illness. All 19 of the infected adults and children in Chambers County with whooping cough received the #pertussisvaccination.

AL.com reports: Dr. Karen Landers, assistant state health officer, said the #pertussisvaccine is not 100 percent effective. Infants receive several doses during their first year of life, and boosters in early and late childhood. Doctors also recommend pertussis vaccines to pregnant women and unvaccinated adults. üòÇüòÇüëâüèΩüëâüèΩHowever despite the recent outbreak of potentially deadly pertussis caused by the pertussis vaccine, Landers said the best way to protect babies is still to vaccinate them and ensure all adult caretakers have also received vaccinations. ‚ÄúI would advise any parent ‚Äì first of all, you want to make sure your child is up-to-date on her vaccines,‚Äù Landers said. ‚ÄúWe want mothers to be vaccinated during pregnancy. We want children to receive the vaccine on time. Adults that are going to be around infants should make sure they are up to date on their vaccines too.‚ÄùüòÇüòÇ .. they just don't learn.. ‚ôª from üëâ@smoke_and_mirrors_911
#vaccinehoax#bigpharma""

@Conscious_god
#ConsciousGod 
@Conscious_god --üëâ@Spread_Da_Truth
#Spread_Da_Truth
‚óè
‚óè
--üëâ@Conscious_Knowledge
#Conscious_Knowledge
‚óè
‚óè
#Conscious_god
--üëâ@Conscious_god

@Conscious_god

#SeekTRUTH
#QuestionEverything

#ReformTheSystem

#Boycott Not Protest

#Awaken

LiveInLove

NoReligion

LiveAndLearn

#ConsciousGod

Conscious Movement ‚Ä¢‚Ä¢
‚Ä¢
‚Ä¢‚Ä¢
#HealthIsWealth

#KnowledgeIsPower
‚Ä¢‚Ä¢
‚Ä¢
#TaxationIsTheft","Whooping Cough
Outbreak In Alabama
Spread By Vaccinated
Children
May 24, 2017 Baxter Dmitry
2 2
"
49,https://storage.cloud.google.com/procvaxx/2017-03-13_23-54-03_UTC.png,"Hey everyone, this Sunday at 7pm EST we will be discussing Vaccines. We present verifiable evidence that they do NOT cause autism. In particular, we will present the evidence that autism is primary caused by genetics and why vaccine ingredients are not the root cause. We will discuss mercury related/ containing compounds and the other mythical compounds supposedly associated with autism. Join us for an educational discussion, and help us dispel these erroneous myths spewed by the Jenni McCarthy's of the world.  Simply, your child has autism because you gave them those genes... #truthhurts #science #vaccines #biology #biomedicalscience #biomedicalresearch #antivaxxer #bio #phd #phdstudent #genetics #geneticresearch #autism #geneticist #truth","BIZARRO.COM Facebook.com/Bizarrocomics Batu King Features
I'd like everyone to welcome our
newest member to the group, the
Vaccine that causes autism.
Qoni
Tikaro.
3.8.17
"
50,https://storage.cloud.google.com/procvaxx/2019-02-01_06-07-05_UTC.png,"MOVIDA Founder & CEO is speaking at the QE Conference in Yorba Linda, CA... Reposted from @myfitlife_og -  Excited to be speaking at the 2019 Question Everything Conference February 22nd & 23rd... #qe2019

Go to: QE2019.com for details and tix... #movida #movidaoils #myfitlife #cbd #holistichealth #wellness #alternative #questioneverthing #911 #vaccines #mercury #gmo #flouride #conspiracy #conspiracytheory #truth #truthseeker #thoughtleader #cannabis #marijuana #prohibition #clarity #lifelivedbetter #movidastrong @movidaoils - #regrann","QE2019.COM
The QUESTION EVERYTHING Conference
Spintual warigre Moon andng Science Vecoines
Moonandag Hameseycoi/Natrerk tbe Folex
Robbie Davidson
Emily Pittsford
Christina Hildebrand
Jared Chrestman
Al Morentin
sexualry
SA Science CBD
Mark Sargent le Homosexuality Moon
11 Vacclnes Science Spiritu
ang Homosexuality Flat Earth Th
al Warfare NASA Science CBD Vaccin
Bible Moon Landing Homosexuality Flo
al Warfare NASA Science CBD Vacci
exucMoon Landing Flat Earth TDan Noel
are NASA Science The Bible
Chad Taylor Earth The Bible Moon Lo
omosexuality CBD Vaco
Homosexuality Flat Earth)
Dean Odlee Splrtitual Warfare VadMatt Long
ng Homosexuality
cines 9/11 NASA Science
Nathan Roberts
ndin HomaOvi alit Elt Er
"
51,https://storage.cloud.google.com/procvaxx/2017-08-17_22-25-18_UTC.png,"""Seek Wisdom""
*****Join the ""OIL REVOLUTION"" üçØ go to üêçüêç Snakeoilguy.comüêçüêç for more information on essential oils and oil infused products. Let's build our dreams together üå†üå†.
#snakeoilguy #youngliving #MLM #networking #snakeoil #FDA #vaccines #essentialoils #dreambuilder #diamond #therapuetic #peppermint #lavender #theives #ningxiared #lemon #stressaway #panaway #abundance #bible #freedom #income #travel","Knowledge is
Kingly
Wisdom is
Godly
Snakeoilguy.com
"
52,https://storage.cloud.google.com/procvaxx/2019-04-10_15-16-45_UTC.png,"Day 8: Goodnight!

This poor bugger got the second half of his flu shot today, and is beyond tuckered out! Little dude has been asleep for two hours already, I think I‚Äôll just let him sleep some more. // #getyourflushot #vaccinateyourkids #ivaccinate #gcdc2019 #gcdcphotochallenge #letsleepingbabieslie @buttonsdiapers #buttonsbaby #buttonsstorytime #clothnottrash #clothdiapers #trycloth #allthecuddles", 
53,https://storage.cloud.google.com/procvaxx/2016-12-18_18-22-04_UTC.png,"Wow I thought I had seen it all. But Amy Tuteur at www.skepticalob.com has proven me wrong once again. Read her horrifying article üëáüèªThe Skeptical OB #nevergofullsheep

Vaccination is far more baby friendly than breastfeeding

image

There‚Äôs a simple thing that every mother can do to keep her baby as healthy as possible. That‚Äôs why we should have a ten step hospital based program to support it.

No, it‚Äôs not breastfeeding; it‚Äôs vaccination, which saves a thousand times more lives in practice than breastfeeding ever could in theory.

No mother would refuse to vaccinate if she only understood the benefits and got the proper support.
Therefore, it is a thousand times more important to promote vaccination than to promote breastfeeding. No mother would refuse to do it if she only understood the benefits and got the proper support. That‚Äôs why I propose an immediate overhaul of the Baby Friendly Hospital Initiative to promote vaccination instead of breastfeeding.

The Ten Steps to Successful Vaccination are:

Have a written vaccination policy that is routinely communicated to all health care staff.
Train all health care staff in the skills necessary to implement this policy.
Inform all pregnant women about the benefits of vaccination.
Insist that every mother sign a vaccine contract that emphasizes that anything other than full vaccination on the CDC schedule threatens baby‚Äôs health.
Mandate frequent visits by a vaccination consultant to provide constant support for vaccination.
Help mothers initiate all recommended injections within one hour of birth.
Show mothers how to obtain vaccinations even if they are separated from their infants.
Accept no refusal to vaccinate unless medically indicated.
Encourage vaccination on demand by the pediatrician.
Foster the establishment of vaccination support groups and refer mothers to them on discharge from the hospital or birth center.
Wait, what? Some mothers think there are legitimate reasons not to vaccinate their babies? There are no legitimate reasons; it‚Äôs just a sign that they haven‚Äôt received enough vaccination support from üëáüèªüëá","Breast Is Good,
Fed Is Better, but
Vaccinated Is BEST!
WHAT THE
FUCK?!?
"
54,https://storage.cloud.google.com/procvaxx/2019-01-13_05-46-30_UTC.png,Health Tips with Citipharm Pharmacy! #bestpharmacy #bestpharmacist #favoritepharmacy #favoritepharmacist #citipharmpharmacy #healthpromotion #healthpromotionprograms#vaccines #vaccineswork #hpvawareness #hpvvaccine,"DON'T LET
CERVICAL CANCER
STOP YOU!
GET
VACCINATED
GET
SCREENED
IT'S TIME TO END CERVICAL CANCER
Pan American
Health
Organization
World Health
Organization
Americas
WWW.PAHO.ORG/FIN-CANCER-CERVICAL
"
55,https://storage.cloud.google.com/procvaxx/2016-12-06_04-59-00_UTC.png,"#PROVAX #REBUTTAL  Q: So you're an #antivaxxer now?
A: Yes. 
Q: Don't you worry about your child getting #sick from #vaccine preventable #diseases?
A: No, not really. I actually have less #fear of many of those illnesses now that I've done my #research. 
Q: But what about #polio?
A: Wild #Polio is #asymptomatic in over 90% of cases. When symptoms do present, they're usually mild and flu-like. They only reason it was #paralytic after the turn of the century was the combination of polio virus and #Pesticide use (namely DDT). Q: But we don't see iron lungs anymore because of vaccines. 
A: We don't see iron lungs anymore for the same reason we don't see computers that are large enough to take up an entire room. Technology has come a long way.

Q: But even if the risk of getting something serious is small, don't you want to protect your #child with vaccines just in case?
A: I do want to protect my child, and that is one reason I say no to vaccines. Because in my #Benefit vs. #Risk analysis, the chances of my child being #harmed from vaccines is greater than the chances of my child being harmed from one of those illnesses. 
Q: But it's not just about your child. It is your responsibility to #vaccinate your child to #protect #immune compromised people through #herd #immunity. 
A: First and foremost, my #responsibility is to my child. I will not set my child on fire to keep someone else warm. What parent would knowingly risks their child's life for the sake of the herd? Would you? My child is not a human shield. Secondly, #herdimmunity is a #myth. We do not have vaccine induced herd immunity and never have.

#corruptvaccines #vaccinetruth #nonvaxer #vaccineunjury #vaxxed","Pro-Vax Logic
Certain relatives don't want to go to a family
dinner at a buffet restaurant if we're there
without our kids being ""properly"" immunized...
Question is... has everyone in the buffet
restaurant been immunized? When was
the last time these adult relatives were
immunized themselves?
Because if they have all recently been
immunized, we are the ones who should
be worried and definitely want to stear
clear of them and their shedding.
AWAKEN
TO OUR AWFUL SITUATION
"
56,https://storage.cloud.google.com/procvaxx/2017-02-07_21-33-37_UTC.png,"It is so sad that I will be forced to give my baby unnecessary vaccines and that my rights as a mother have been taken away. 
#novaccineisfriendly #sb277 #mandatoryvaccination #thevaccinefriendlyplan  #wishwecouldsayno #vaccinefree #sideeffects #letmegotoschool #information #informedconsent
#cdctruth #beinformed #parentalrights #vaccine #vaccinetruth #ca #caproblems","valuable, science-supported guide
health,""
to optimizing your e
ERT, M.D, Ph.D
otessor of neurotogy
The
-MARTHA HER
assist
Harvard Medical School
Vaccine-
Friendly
Plan
Conurinbatinense
Table 2
Aluninium odiuvant content
Wccine
Diohtheria and tetanus toxpids
Tetanus towpid, reduced dipht
DTe-HBV-IPy*
OTAP-HD-IPt
DTAP-IPV
Hanatta A virut
Dr. Paul's Safe and Effective Approach to Immunity and Health
Hepatos A virus-Hepasi
Hepattis 0 virus
from Pregnancy Through Your Child's Teen Years
Haemophus influenz
Haemophius inuen
Human papilloma vi
Infuenza, trivalent i
Iofuenza, live at
Measles-Mump
Measies-Mump
Meningococca""
Meningococce
Preumococc
Pneumococc
Paul Thomas, M.D., and Jennifer Marguti, PhD
of 2
"
57,https://storage.cloud.google.com/procvaxx/2018-09-17_21-52-16_UTC.png,"Our #PittCLIPcenter faculty Dr. Kim Coley, @berenbro, and  #communitypharmacy partner Dr. Chiara Gessler from @gianteagle presented their research on adult vaccines today at the Centers for Disease Control and Prevention headquarters! This work was funded by @nacdsorg and the @cdcgov. Shout out to Drs. Deanne Hall, Phil Empey, Melissa McGivney, Renee' Richardson, Chrissy Moore, and John DeJames for their contributions on this project. #researchpharmacists #vaccines","CDC
Saving Lives
Protecting People
CDC
CDC 24/7
CDC
Saving Lives
Protecting People
Saving Lives.
otecting People
CDC
CDC
CDC
Pro
DC 24/7
CDC 24
Pro
CDC
CDC
CDC
24
C
Saving Lives.
Protecting People
Saving Lives
Protecting People
"
58,https://storage.cloud.google.com/procvaxx/2014-11-04_05-39-16_UTC.png,#vaccine üíâüíâüíâ#kevin2y1m #kevinandmom,"oo
000000
"
59,https://storage.cloud.google.com/procvaxx/2018-03-20_19-30-16_UTC.png,Sister is distracting Jace from the upcoming shots #jacekathryn #hasnoideawhatsabouttohappen #vaccinate,"AEAGE
"
60,https://storage.cloud.google.com/procvaxx/2017-12-09_16-38-31_UTC.png,üëÅ‚è´‚ôíWake the hell uppp. PREACH!!!#Avatarstate #cows #plantbase #doctors #virgo‚ôç #spirit#Vaccine #awareness# #stolenlegacy  #awoke  #blackhistory  #landoftheblacks#telltheworld #tellthetruth  #nasa #naruto#jesuschrist#hiphop#rap#fitnessmotivation #music#corruptedgovernment#UnitedStates #Marvel #bleach#FoodNetwork#Hollywood#science,"THE S OUL
USUALLY KNOWS
WHAT TO DO TO
HEAL ITSELF
THE CHALLENGE
IS TO SILENCE
THE MIND
"
61,https://storage.cloud.google.com/procvaxx/2018-12-11_19-06-14_UTC.png,#hsv1 #hsv2 #coldsores #genitalherpes #oralherpes #stigma #herpes #ownit #NomoreShame #knowthefacts #askingforafriend #herpesNotaRash  #herpesawarnessday  #sharemystory #metooherpes #bookstagram #bookrecommendations #bookreviews #barnesandnoble #amazonbooks #indibooks #indiauthor #goodreads  #WilliamHalfordVaccine #RationalVaccines  #RVX #RVaccines #vaccines #herpesVaccine #SetTheToneHaveTheTalk,"NO ONE IS EVER BORN AN ARTIST.
WE ALL COME INTO THIS
WORLD AS AN AMATEUR
Askingforafriend.us
At
"
62,https://storage.cloud.google.com/procvaxx/2018-06-26_03-56-28_UTC.png,Stand up for science! #standupforscience #science #earth #cool #memes #triggered #facts #space #vaccines #climatechange #tshirt #dank #funny #tee #awesome #tshirts,"EARTH IS NOT FLAT
VACCINES WORK
WEVE BEEN TO THE MOON
CHEATRAILS ARENT A THING
CUMATE CHANGE IS REAL
STAND UP FOR SCIENCE
"
63,https://storage.cloud.google.com/procvaxx/2019-02-25_21-34-27_UTC.png,"from @rethinkvaccines -  Have you ever wondered why pediatricians get so angry when a parents question or refuse vaccines? Or why many doctors will decline your children as patients because you refuse to vaccinate them. Did you know most pediatricians wont see your baby before the age of 2 months? Have you ever wondered why? The health of your baby is not a priority for most pediatricians (unless of course they actually believe that vaccines work) but more so about the pay outs that they will receive from the insurance companies for having as many fully vaccinated children under the age of 2 years as possible. Always follow the $.
.
And the worst part is the real science shows that the baby's immune system can't even respond to the vaccines as they're supposedly designed until the child is at least one year of age....!!!
.
 #vaccines #novaccines #wevaccinate #vaccinate #wedid #hearthiswell #rethinkvaccines #vaccinateyourkids #vaccinesharm #vaccineskill","Don't be fooled-
""Wellness checks""
have nothing to do
with the health of
your baby.
Wellness checks are the
bonuses your doctor
receives for meeting
vaccination quotas.
"
64,https://storage.cloud.google.com/procvaxx/2018-11-11_14-35-12_UTC.png,"If the world is to reduce the risk of a devastating #pandemic, the medical community may have to publicly engage with controversial issues to help save us from the social trends, political movements, and policy failures that are elevating that risk. Tap the link in our bio to read the Perspective ""Politics and Pandemics"" by Ron Klain, J.D. 
#clinicalpractice #healthcare #infectiousdisease #vaccines #globalhealth #publichealth #medicalethics #healthpolicy","There is a broad need to match
bold commitment to research
and science with an equal focus
on changing minds and hearts
and creating a social and policy
framework that can help prevent
future epidemics and make
future responses more effective.
Ron Klain, J.D.
DIC
ICINE
181:
NEW
The NEW ENGLAND
2362
0
JOURNAL of MEDICINE
JOURNA
1928
N
"
65,https://storage.cloud.google.com/procvaxx/2019-03-07_19-10-40_UTC.png,"You mad?
#oc #antivaxmemes","NAH DAWG
EXIT
Bill FRights
ntralo
WE NEVER GOT VACCINATED
"
66,https://storage.cloud.google.com/procvaxx/2018-12-05_19-37-38_UTC.png,"Big think ü§î
‚Ä¢
Partners:
@not_a_domestic_terrorist
@chicago.anarchist
‚Ä¢
#antivax #vaccine #vaccines #antivaxmoms #autism #science #medicane #medicare","Maybe anti-vax moms
are right because The moms
were vaccinated
and they are retarded
"
67,https://storage.cloud.google.com/procvaxx/2014-07-14_07-46-37_UTC.png,#vaccination  #vaccinations  #Adolescents  #Adults,"ADOLESCENTS / ADULTS VACCINATION @rampanthers
Doset Dose 2 Dose3 Booster Dose
9/16403 70 20/0 4/2010
Type of Vaccination
Hepatitis A
Hepatitis B
Combined Hep A & B
Chickenpox
Rubella
MMR
Influenza
Typhoid
Cholera
"
68,https://storage.cloud.google.com/procvaxx/2017-07-23_00-55-03_UTC.png,"Are you aged between 15-19? Or are you a parent or guardian of a 15-19 year old? We need you! Today marks the offical launch of our ACWY campaign in our fight again Meningococcal. The ACWY Vax is now FREE for all Australians aged between 15-19 years (due to their increased susceptibility) and is available from schools, university health clinics, and immunisations clinics. Every second counts in dealing with meningococcal as it can lead to death within 24hours! Share this post, spread the word and help us fight meningococcal once and for all! For further information, visit our website üëâ link is in the bio #vaccinessavelives","ARE YOU 15-19 YEARS?
FIGHT AGAINST
MENINGOCOCCAL
MENINGITIS
CENTRE
AUSTRALIA
"
69,https://storage.cloud.google.com/procvaxx/2018-10-02_18-06-39_UTC.png,"Via @fsthnow
„Éª„Éª„Éª
üåøDisease simply is an imbalance in the biochemistry. The symptoms you are experiencing are body‚Äôs warning signs that something is wrong! By removing the root causes (such as heavy metals and parasites) and providing your body the support it needs (nutrients, rest, mindset etc.), any ailment can be reversed.‚§µÔ∏è
. . .
1Ô∏è‚É£ Eat real & clean food
2Ô∏è‚É£ Drink high-quality water 
3Ô∏è‚É£ Remove negative belief patterns 
4Ô∏è‚É£ Avoid city centers, mold, toxic products etc.
5Ô∏è‚É£ Regular detox & parasite cleanse
. . .
‚ù§Ô∏èSharing is caring! Tag a friend.
. . .
üìóWant a detailed manual for all 5? Have a look at the link in BIO or contact via dm or email!
. . .
#healthiswealth #vaccinesarepoison #disease #sickness #detox #detoxification #livercleanse #vaccineinjury #acne #fatigue #pms #infertility #cancerawareness #parkinsonsdisease #alzheimers #lupus #lyme #headache #candida #depression #parasites #autism #diabetes #hormoneimbalance #multiplesclerosis #healyourself #healyourbody","DISEASE
is a summary of:
what you eat
what you drink
what you think
what you breathe
and most importantly...
what
you don't
eliminate!
@fsthnow
"
70,https://storage.cloud.google.com/procvaxx/2017-11-08_14-29-45_UTC.png,"Breaking down some popular myths one at a time üí™
For more information: www.sciencedirect.com/science/article/pii/S0264410X14006367%20 
#WisdomWednesday #Health #HealthFacts #Autism #Vaccination #Vaccine #Vaccines #Kids #Children

DISCLAIMER: nothing on this page should be interpreted as medical advice. Please consult your health care professional for any health-related concerns.","QUESTION:
IS THERE A LINK BETWEEN
VACCINATION AND AUTISM?
SWIPE RIGHT TO FIND OUT
"
71,https://storage.cloud.google.com/procvaxx/2017-10-18_18-47-06_UTC.png,"(READüëáüòÇ-#Trump)#FluShot/#Vaccine---#FUCKThat
#Vaccines--#FUCKVaccines
#TheSYSTEMIsTheBEAST
#VACCINESArePoison üëâ@chididdy26 -  LOOK EVEN THE DOTARD WAS AGAINST IT!
Back in 2015 before President Donald Trump had announced his intentions to run for the highest elected office in the country, he announced an intention of a different sort. 
On Sirius XM‚Äôs ‚ÄúOpie and Anthony‚Äù show, he stated that he would¬†not¬†be getting a flu vaccination that year, using some fairly strong verbiage in the process. 
Here is, in part, what Trump said in response to a query about whether or not he would be getting a flu shot himself in 2015: ‚ÄúI‚Äôve never had one‚Ä¶ I don‚Äôt like the idea of injecting bad stuff into [my] body. I have friends that religiously get the flu shot and then they get the flu‚Ä¶ I‚Äôve seen a lot of reports that the last flu shot is virtually totally ineffective.‚Äù He went on to add, ‚ÄúI‚Äôve passed on it, but that doesn‚Äôt mean [other] people should.‚Äù At the time, Donald Trump‚Äôs opinion on flu vaccinations was seen as nothing more than the opinion of a celebrity. Now that he is President of the United States, however, his opinion carries more weight and it is this fact that has raised concerns across the country.

http://www.contagionlive.com/news/trumps-statements-on-influenza-vaccines-raise-concerns-in-healthcare-community 
#WakeUpFam
#UNITYisSTRENGTH
#TheSYSTEMisTheENEMY
#DecalcifyYourPinealGland

@Conscious_god
#ConsciousGod 
@Conscious_god --üëâ@Spread_Da_Truth
#Spread_Da_Truth
‚óè
‚óè
--üëâ@Conscious_Knowledge
#Conscious_Knowledge
‚óè
‚óè
#Conscious_god
--üëâ@Conscious_god

@Conscious_god

#SeekTRUTH
#QuestionEverything

#ReformTheSystem

#Boycott Not Protest

#Awaken

#LiveInLove

#NoReligion

#LiveAndLearn

#ConsciousGod

#Conscious Movement ‚Ä¢‚Ä¢
‚Ä¢
‚Ä¢‚Ä¢
#HealthIsWealth

#KnowledgeIsPower
‚Ä¢‚Ä¢
‚Ä¢
#TaxationIsTheft
‚Ä¢
‚Ä¢‚Ä¢ Decalcify Your PinealGland ‚Ä¢‚Ä¢
‚Ä¢
‚Ä¢ #GTFLife
‚Ä¢
‚Ä¢‚Ä¢ #FreeYourMind","Flu Shots
NOT Here Today!
PLEASE
Research side effects
& ingredients before
poisoning yourself!
EDUCATE YOURSELF!
"
72,https://storage.cloud.google.com/procvaxx/2017-11-16_04-06-51_UTC.png,As the game was played so it was written #videogames #lastsupper #vaccinated,"THE
KONAMI
CODE
¬© DUELINCANALOGS COM
"
73,https://storage.cloud.google.com/procvaxx/2014-04-28_17-17-16_UTC.png,"Today on Beyond Belief: Despite the benefits of vaccines, they‚Äôre not a perfect solution. We must be willing to weigh their overall benefits against the personal accounts of the damage done. Dr. Sherri J. Tenpenny draws from her years of experience and research to explain problems associated with the vaccine epidemic.Watch the full episode on GaiamTV.com.","THE VACCINE EPIDEMIC
weighing the benefits against the risks
exclusively on
GAIAMTV.com
"
74,https://storage.cloud.google.com/procvaxx/2017-09-03_14-50-46_UTC.png,"Funding of Biological Weapons on the Public #Silentweapons
#BiologicalWeapons #BigPharma
STOP USING #Vaccines #VACCINESKILL #PrescriptionDrugs they are laced with Chemicals and other agents! #prescriptiondrugskill There is NO CURE IN #ModernMedicine #naturalcures
#NatureHeals #realfoodismedicinethatheals #paythefarmernotthedoctor #HealthIsWealth
Doctors and Pharmacist get Bonuses for Every Vaccine/Prescription Drug Given. Its pays for their Vacation, Fancy house and car. STOP FUNDING IT & the Evil Government!!! You pay for us being Poisoned every time you FUND Big Pharma and Big Chain Companies, Stores, Fast Food, Restaurants, Brand Names! 
http://farmwars.info/?p=6141","Fort
ETRICK
atlasventure
SYNTHETIC GENOMICS
NIAID
NSTI
ONAL
HEALT
Name: Vern
NICBR
10009
CDC
NCBR
USDA
44
Monsanto
BP
LAND
Farmwars. in fo
sis
"
75,https://storage.cloud.google.com/procvaxx/2019-02-24_00-57-05_UTC.png,"Curious, do you? #vaccination #vaccinations #vaccinateyourkids #immunizatuons #immune #flushot #vaccines #vaccine #doyouvaccinate #askthedoctor #doctor #question #questions #questionoftheday #medical","vaccines
WHAT IS YOUR OPINION ?
"
76,https://storage.cloud.google.com/procvaxx/2016-10-20_19-24-28_UTC.png,Who agrees!!! #antivax #thetruth #bodyisatemple,"If you mixed
Mercury,
Aluminum phosphat
Amonium sulfate, and
Formaldehyde with VIRUSES,
then got a syringe
and INJECTED it into your child
you would be ARRESTED and sent to JAIL
for child endangerment and abuse
Then WHY is it legal for doctor
to do it? and WHY would you let
them?
Educate yourself
Re-Think Vaccines
"
77,https://storage.cloud.google.com/procvaxx/2019-02-26_11-30-07_UTC.png,Photo Credit: @rtavm1 #vaccinateyourkids,"Actually, our ancestors did
not feel these were
MAYAL
| ""harmless childhood diseases.""
WARNING
SMALLPOX
MEASLES
KEEP OUT OF THIS HOUSE
All persons are forbidden to enter or leave these
premises without the permission of the HEALTH OFFICER
under PENALTY OF THE LAW,
HEALTH OFFE
This notice is posted in compliance with the SANITARY
CODE OF CONNECTICUT and must not be removed without
permission of the HEALTH OFFICER
CARRIER OF
DIPHTHERIA
Health Officer
NOTICE
B Oeler of 1ORD OF HEALTH
KEEP OUT OF THIS HOUSE
Ary
d nf ety las der
POLIOMYELITIS PING COUER.
ACUTE
ANTERIOR
(A COMMUNICABLE DISEASE)
IN THIS HOUSE
|Keep Out of this House
y rler l BAR3 F EALTH
REALTH OFICE
THE LOCAL BOARD OF HEALTH
mering th ard widot enity la p
"
78,https://storage.cloud.google.com/procvaxx/2017-05-15_12-10-22_UTC.png,This little dude seems to be back to his usual self after his jabs! He had a temperature for a couple of days again  and would cry everytime I moved his legs to change his nappy etc üò¢ wasn't himself at all! Atleast we don't have anymore for another six months now! üë∂ üíï. #mrarius #onthemend #jabs #vaccinations #temperature #happyboy #bigsmiles #browneyes #Frugi, 
79,https://storage.cloud.google.com/procvaxx/2016-09-03_22-41-51_UTC.png,So true üò°üò§üëé#vaxxed #vaccines #vaccine #bigpharma #nevervaccinate #mmr #antivaccine #antivax #cdcwhistleblower #hearthiswell  #educateyourself #educatebeforeyouvaccinate #vaccinefree #nothanks #imgood #naturalimmunity #regrannevent #rethinkvaccines #vaccineinjury #nvic #antivaccine #dontvaccinate #poison #chickenpox #vactruth #provax #organic truthmatters #repost #flushot  #autism,"""I am no
longer 'trying
to dig up
evidence to
prove' vaccines
cause autism.
There is
already
abundant
evidence...this
debate is not
scientific but is
Dr. David
Ayoub
political""
"
80,https://storage.cloud.google.com/procvaxx/2019-02-18_19-33-50_UTC.png,#vaccines #ingredients #toxins #poison #detox #heavymetaldetox #aluminum #mercury #formaldehyde #abortedbaby #monkeydna #k9dna #antifreeze #propolyneglycol #glycol #livercleanse #mitochondrialdna #vitaminddeficiency #autism #drjamesbradstreet,"What is in
MUGS?
ABORTED FETAL TISSUE
CELLS AND BLOOD FROM ANIMALS
VERO & MDCK cells, bovine albumin
ANTIBIOTICS WI-38, MRC-, RA273, HEK-293, PERC6
ALUMINUM
POLYMYXIN B
NEOMYCIN
KANAMYCIN
2250
Sterlizing
and
Disinfecting
Sohution
Cidex.
E.COLI
ale NAIL
POLISH
REMOVER
actvaid dyde souon
PHENOXYETHANOL
with aCnlene
ACETONE
FORMALDEHYDE
ANTIEREEZE
COOLANT
GLUTARALDEHYDE
YEAST
IG
fsthnow
MSG
MERCURY
40
MSG
39
Gutima
35
thimerosal
Source: CDC.gov
"
81,https://storage.cloud.google.com/procvaxx/2017-05-16_04-36-31_UTC.png,"Tips To Avoid Catching the Flu This Winter  #Flu, #Smoke, #Stress, #Vaccinations", 
82,https://storage.cloud.google.com/procvaxx/2019-02-24_00-31-24_UTC.png,#meme #antivaxmemes #funnymeme #funny,"Stop Mandatory
Vaccination
155K members. 10+ posts a...
www.StopMandatory Vaccinati
on.com
52 members said they work at
U.S. Navy
SO
Squidward they ve taken
over the Nay
Not the Navy!
"
83,https://storage.cloud.google.com/procvaxx/2017-04-29_19-02-02_UTC.png,"#Vaccines saves #lives
#vaccineswork #WHO #OMS #vacunas #vaccines #health","#VACCINESWORK TO SAVE LIVES
An estimated 2-3 million deaths are prevented every year.
Vaccines protect
against 26 diseases.
And help limit the
spread of antibiotic
resistance by
preventing diseases in
the first place
Increasing immunization globally
Could save an additional
1.5 million people every year.
#VACCINESWORK
World Health
Organization
"
84,https://storage.cloud.google.com/procvaxx/2019-01-15_17-16-54_UTC.png,"Trends vs Science üß™...........
Should you vaccinate? Give antibiotics?
‚Ä¢‚Ä¢‚Ä¢‚Ä¢‚Ä¢‚Ä¢‚Ä¢‚Ä¢‚Ä¢‚Ä¢‚Ä¢‚Ä¢‚Ä¢‚Ä¢‚Ä¢‚Ä¢‚Ä¢‚Ä¢
Even though nutrition is my lane, I get just as many questions from mommas/moms-to-be about my thoughts on vaccinations and meds. In my home, I make decisions based on what is best/necessary for my daughter. She entered the world on antibiotics and is on them now with an ear infection. She is also on probiotics. She has also received all vaccinations to-date with no side effects. Our daycare, which is the top rated in our city, requires vaccinations. Here are common questions and research supported answers:
1). Do vaccines cause autism?
A: No. Nearly a dozen studies following millions of children conducted worldwide over the last decade have failed to find a connection between autism and childhood vaccines. The original, singular study that claimed to find a connection has been officially retracted by the publication and the author, Dr. Andrew Wakefield, lost his medical license when it was found that he lied.
2). Why do vaccinations start so young?
A: Babies are most vulnerable to serious, life-threatening diseases because their immune systems are still developing.
3). How can I trust that vaccines are safe?
A: Vaccines are one of the most thoroughly tested medical products available in the U.S. Before a vaccine can be considered for approval by the FDA, a vaccine manufacturer must show it is safe and effective through clinical trials.
4). But the ingredients can harm babies right?
A: No. It only takes a few misinformed people with a platform to spread info like this, that only promotes fear. The main ingredients in vaccines are antigens, which are small amounts of the bacteria or virus the person is being vaccinated against. Antigens are the parts of the vaccine that encourage your immune system to create antibodies to fight against future infections. Simply put, they build immunity against diseases. 
Of course, I always encourage people to make decisions that are right for themselves and their families. I‚Äôm just here to provide current research to help you make informed decisions.
‚Ä¢‚Ä¢‚Ä¢‚Ä¢‚Ä¢‚Ä¢‚Ä¢‚Ä¢‚Ä¢‚Ä¢
#vaccines #vaccinateyourkids #vaccination #health #healthy #healthylifestyle","Chickenpox (Varicella)
DTAP
Hepatitis A
Hepatitis B
WHAT IS SAFE FOR BABIES?
Trends vs Science
"
85,https://storage.cloud.google.com/procvaxx/2018-03-26_07-26-23_UTC.png,"Ouch! Today is a vaccination day.üò£ We were a little bit nervous but it went very well bcause we are all brave kids! üí™
.
#healthykids #schoolprogram #vaccinationday #bravekids #healthystudents #vaccinessavelives #icapreschool #ica_jakarta #preschooljakarta #preschooljakartaselatan","Mesh
HPOUINS DAI
AYA RAYA
ASTER YO
"
86,https://storage.cloud.google.com/procvaxx/2014-11-12_03-26-58_UTC.png,Studying with a glass of red. #study #nerd #vino #selfie #nurse #nurselife #immunizations #vaccinate #hatersgunnahate #geekchic #chivette üç∑üòò,"Continuing
Education
CON 0020.
Continuing
Educatione
CON 0020:
Immunization
PAPER BASED ASSIGNMENTS
APER fonar
BOWVALLEY
CoL LEGE
Noet mduaTen
aton
hetod modul
etarico
"
87,https://storage.cloud.google.com/procvaxx/2018-11-03_01-41-45_UTC.png,‚ÄúTop 15 Anti-vax cities‚Äù episode 155 of Occult Health News. We not only discuss which metroplex boast the most non medical exemptions but we discuss the inanity of the annual #fluvaccine but the 2016 Thompson/CDC autism scandal and the 2001 Simpsonwood conference where #bigpharma discussed ways to obfuscate the link. #antivax #vaccines #vaxxed #coverup #conspiracytheory #heathnews #holistichealing #naturopathy,"Naturopathy Earth Radio &
:
RE
OCCULT HEALTH
NEWS
SSF
Hosted by
A. Gregory Luna
"
88,https://storage.cloud.google.com/procvaxx/2016-09-15_00-45-58_UTC.png,For those of you that didn't already know üòâ and those of you that see my comments on posts around Instagram calling out the bull shit that ignorant people post üò≤ And especially the FBI TROLLS trying to keep the bull shit alive üòÇüòÇüòÇ sorry but Trix are for kidz that haven't woken up yet #consciousness #awakened #sheep #zombies #pinealgland #fluoride #thirdeye #chakra #energy ##troll #fbi #cia #government #illuminati #resistance #revolt #revolution #corruption #policestate #builderburggroup #911truth #gmo #monsanto #vaccines #repost #conspiracy,"I'M NOT A CONSPIRACY THEORIST
The Free Thought
Procor.com
be
I'M A BULLSHIT ANALYZER
"
89,https://storage.cloud.google.com/procvaxx/2019-01-27_14-27-05_UTC.png,"THINK SPADE
GOOGLE PODESTA ART

#trumpderangementsyndrome 
#1984
God speed Q
#thesepeoplearestupid 
WHERE WE GO ONE WE GO ALL
.
.
.
.
#wwg1wga #thegreatawakening #wherewegoonewegoall #trumptrain #qanon #sethrich #whoissethrich #magapill #mood #kek #praisekek #america #hightimes #shadilay #donaldtrump #trump #POTUS #covfefe #makeamericagreatagain #MAGA #dragonenergy #pedogate #americafirst  #walkaway #vaccineskill #infowars #drake","MIES
Andy Spade (Kate Spade's
husband) commissions art of his
DAUGHTER by favorite artist
of Podesta's and Alefantis...
Pa
Ecorener
Art Center College of Design Comput
werde
"
90,https://storage.cloud.google.com/procvaxx/2015-07-30_20-45-42_UTC.png,EDITORIAL CARTOON: Shepherds leading sheep astray on POLIO VACCINE? #vaccineswork #BeInTheKnow @WHO via @ndulavictor,"CATHOLIC CHURCH
CALLS FOR POLIO
VACCINE BOYCOTT!
IF
ONLY
HAD THESE
EARLIER
"
91,https://storage.cloud.google.com/procvaxx/2018-07-15_16-31-53_UTC.png,"Going back to school to become a lab technician? Before you start classes, book your TB test and vaccination with us. More info at https://travelsafeclinic.ca/TB.html
. 
#travelsafe #travelhealth #tb #tbtest #tbskintest #vaccines", 
92,https://storage.cloud.google.com/procvaxx/2018-08-06_15-35-17_UTC.png,"Work towards your goals and achieve greatness
.
.
#green #plants #aesthetic #nature #blog #blogging #inspire #hempoil #inspiration #paint #artist #art #poetry #motivation #success #love #faith #healthy #vegetarian #vaccinefree #growth #vegan #organic #nongmo #nutrition #hollistic","LOVE
VALITY
ONENESS
ANS PIRATIO
CREATNIT
RESOURCE FUE
y-GROWTH
ACHIEVE MEN
EA
"
93,https://storage.cloud.google.com/procvaxx/2015-09-09_15-51-15_UTC.png,I just got my flu shot as part of the @Walgreens & @UNFoundation #giveashot campaign to provide vaccines to children around the world who need them the most. #vaccineswork #igdaily #instagood #2030now #GlobalGoals,"shot
@life
a healthier world.
ze a child.
"
94,https://storage.cloud.google.com/procvaxx/2018-05-28_04-22-48_UTC.png,"Have a vaccination today
i am not cry
#winwinfc #winwin #mixedbabies #4monthsold #vaccinations", 
95,https://storage.cloud.google.com/procvaxx/2019-01-25_17-22-26_UTC.png,On Friday I‚Äôm in love... with the Vaccines and YOU! The craziest after party starts HERE!,"A
OUR LOVE IS
FAVOURITE
BAND
"
