,filename,caption,image_text
0,2016-04-06_13-26-57_UTC.json,#VaxXed #CongressionalHearingsNow,"April is Autism Crisis Awareness Month
1980 and before: 1 in 10,000 to 15,000
1990 1 in 5000
2015 1 in 45
Projected: 2032 -1 in 2
Autism awareness month comes without most people questioning
why we have this now? We didn't need it 25 yrs ago.
We caused this epidemic with vaccines.
AUTSM
#HearUs
#HearThis Well
5m
"
1,2017-11-04_05-25-05_UTC.json,"Vaccine Campak @bilqis_khanzaaz üíâ
#daughter #vaccines #campak #family #love #wife 
@qotrinnida","KRopPi
Lecoapn
Frog
Crocaile
Zetra
"
2,2017-11-11_15-41-21_UTC.json,Because giving Hep B shots to infants are so efficient and totally logical üôÑ #vaccinetruth  #vaccineinjury #vaccineingredients #vaccinechoice #vaxxedthemovie #bigpharma #followthemoneytrail, 
3,2018-07-29_20-08-32_UTC.json,"üëèüèºüëèüèº
.
.
.
#truth #itsscience #vaccinessavebro #twins #boygirltwins #twinstagram #childhoodsclothing @childhoodsclothing @jennymilazzocreations @leblancpediatrics","VACCINES
SAVE,
VACCINES
SAVE,
BRO
BRO
"
4,2016-04-24_16-31-09_UTC.json,Been down with a bad flu.. Enjoy your Sunday :) #znationlovers #znation #dontletthezombiesbite  #znationmurphy  #themurphy  #vaccine  #nom #frackingzombies  #themission  #thecure  #operationbitemark  #zs  #z1n1  #zombieapocalypse #zombieapocalypseface  #zombies #theasylum  #sunday  #goodmorning  #goodnight #netflix #haveagoodday  #bebacklater  #keepontruckin,"GOOD NIGHT,
DON'T LPT THE Z√ìMBIES BITE!
ionlorers
"
5,2018-10-30_16-00-41_UTC.json,"Flu shot ‚úÖ So glad my work had flu shots üò∑in house this year! This was my first time ever getting one and made it so easy to do. I ignorantly believed I shouldn‚Äôt have to put something in me to prevent it. That it wasn‚Äôt natural. The more I researched this past year I was SO wrong. Also, getting the flu last year and fainting in a CVS wasn‚Äôt really fun either. So no more messing around! And you shouldn‚Äôt either. Get it done! #flushot #vaccines #protectyourself","Flu Clinic Event
Event. FIU Shots!
Date: 10/30
Time/Place: Blue Conferance
Room
Contact:
1
- 1
ask Tara for
Notes: questions!
Notes:
60
ahealth
"
6,2019-02-14_22-11-52_UTC.json,"Happy Valentine‚Äôs Day! ‚ù§Ô∏èüíâ
Keep your loved ones safe!!#vaccineswork","WILL YOU BE MY
VALENTINE ?
HAVE YOU BEEN
VACCINATED?
2011
CPW
"
7,2017-04-12_17-44-49_UTC.json,"ASEA and Fibromyalgia & Autoimmune disorders.

Think of both Fibromyalgia and Chronic Fatigue Syndrome as ""ENERGY CRISIS"" disorders.
 The goal of therapy is to return ""energy"" to the tissues so that the organs can function properly. 
In that scenario, you have to chase down everything that is either stealing energy from the tissues (cells) , preventing energy from getting to the tissues or preventing the production of the energy molecules.

With as little as four ounces of ASEA Redox Supplement a day, (i take 12oz for shingles agony in spine) you are restoring something native to your own body‚Äîthe exact kind of redox signaling molecules you create yourself, but in the quantities you need for optimum health.

Hundreds of thousands of people from all over the world are already experiencing the benefits of improved cellular health. ASEA Redox Supplement has been shown to make positive shifts in blood serum biomarkers over a 24-hour period, beginning within the first 30 minutes. In other words, as soon as you drink it, it starts working, and keeps working all day.

Because the molecules in ASEA Redox Supplement are native to the body, they enhance vital cellular function to achieve optimal health and wellness‚Äîand the supplement itself is 100% safe and nontoxic.

ORDER TODAY AT : www.EarthPatriots.com 
#tommysgarage #earthpatriot #houston #texas #fox26houston #abc13eyewitness #wellness #healthcare #nutrition #fitnessmodel #personaltrainer #athletes #yoga #fitness #workout #personaltrainer #training #fitnesstrainer #beautiful #look #swag #style #vaccines #recovery #sports #organic #naturalsolutions #skincare #businessopportunity #money","WHY EVERYONE
IS TALKING
ABOUT HOW TO
REPLENISH
YOUR
REDOX
"
8,2018-03-21_10-50-46_UTC.json,Me & the bump are off to get our whooping cough vaccine üíâ #mumtobe #babybump #26weeks #babyboy #vaccines #whoopingcough #babyd #pregnancycountdown #maternityleggings #cantfitinmyjeans #pregnancyjourney,"D
"
9,2019-03-01_14-20-02_UTC.json,#antivaxmemes #funnymemes #meme,"jessi
@JessiTheDolll
vaccines literally injects you with a
disease/illness you could possibly have
no association with just to fight it off...
my kids will pass.
Yung Bu√±uelo
@Povediitz
Oh they'll pass alright
"
10,2013-08-02_12-44-42_UTC.json,#vaccine #ignorance #health,"And the evil Mr. Vaccine played his flute
of never getting polio or smallpox ever
again, luring the children straight to the
town of Notice How Nobody
Gets Polio Or Smallpox
Anymore.
UN
AVA
Taried To The Sea.com
"
11,2017-10-16_12-28-58_UTC.json,"**VACCINE INJURY STORIES IN LITTLE ROCK, AR NEEDED**
The VAXXED bus will be in Little Rock on Wednesday 11/29. Please EMAIL your vaccine injury stories to vaxxedLR@gmail.com #vaxfree #vaxxed #vaccineinjuryawareness #pollytommey #delbigtree #vaxxedtour","VAC CINE
S TORIE S
IN JUR Y
0,2
0,3
-0,4
0.5
0,6
0.7
0,
0,9
1,0
"
12,2018-05-17_22-40-27_UTC.json,#nwo #karma #truthseeker #gmo #chemtrails #fluoride #ego #matrix #wisdom #vaccines #gwentowers #falseflag #mindcontrol #society #flatearth #monsanto #firmament #hairstyles #hairstyle #haircut #barber #artofmanliness #intuition #growyourbeard #growyourhair #beard #hair,"Kesh (hair):
The keeping of uncut hair is given a great deal of
importance in Sikhism. But what is so special about
hair?
Historical significance: Well the history of hair
goes back to the Bible. The Bible talks of a man
called Sampson who obtained supernatural powers
through his long hair. His hair was later cut and
consequently he lost his powers.
It is also a fact that most of the world's prophets
and saints including Jesus, the Sikh Gurus and
Hindu prophets kept uncut hair.
"
13,2018-10-28_21-17-37_UTC.json,"Do you trust Monsanto and GMO? """" A major aspect of many conspiracy theories is the fear that large¬†agribusinesses, especially¬†Monsanto¬†are working to undermine the health and safety of the general public by introducing and promoting GMOs in the food supply. One claim is that Monsanto is deliberately hiding scientific evidence that GMOs are harmful.¬†Some anti-GMO activists claimed that Monsanto infiltrated both the American¬†Food and Drug Administration¬†and the¬†American Association for the Advancement of Science¬†which is why the two organizations have supported the scientific evidence for the safety of the genetically engineered food available for human consumption."""" https://en.m.wikipedia.org/wiki/GMO_conspiracy_theories
üëÄü§Ø
Follow @thecrazyconspi for more crazy facts and conspiracy theories!
.
.
.
#food #gmo #gmos #conspiracy #conspiracytheory #fact #theory #whatdoyouthink #agriculture #vegan #didyouknow #Monsanto #chemtrail #depopulation ##health #healthy #science #greed #healthyfood #poison #apocalypse #endtimes #endtime #dna #vaccine","MONSANTO,
Corruption and the Cancer Causing Dangers of GMO Foods
DANGER
GMO FOOD
GC
crazy a conspi
@THECRAZYCONSPI
GMO conspiracy theories claims that agribusi-
nesses, especially Monsanto, have suppressed
data showing that GMOs cause harm,
deliberately cause food shortages to promote the
use of GM food, or have co-opted government
agencies such as the United States Food and
Drug Administration or scientific societies
such as the American Association for the
Advancement of Science.
www.Desktop
"
14,2018-07-10_22-35-34_UTC.json,"There have been no double blind placebo studies done to test vaccine safety. *slide shared from https://www.slideshare.net/mobile/jagchat01/vaccination-need-to-address-the-serious-concerns **For more info on false placebos DM me.  It‚Äôs to much to post all on here. Mind you, they justify doing this by saying that ‚Äúvaccines have been proven safe‚Äù in comparison to their ‚Äúplacebos‚Äù. #vaccinefreebaby #vaccinesarepoison #shedding #bigpharma #lies #herdimmunityhoax #herdimmunityisamyth #fearmongering #propaganda #saveourbabies #fearmonger #cdcvaccinecoverup #cdcvaccineingredients #researchvaccines #researchvaccineingrediants #pediatricians #research #vaccineskill #parentalrights #parentrights #bigpharmakills #bigpharmaiskillingus #liesformoney #saveourbabies #mthfr #mthfrmutation #mthfrgenemutation #ifthereisriskthereshouldbeachoice #ifthereisrisktheremustbechoice","How are vaccines tested for safety?
Vaccines are tested by manufacturers or persons of
agencies under their control. No other agency usually
tests them. Phase I to Phase III. Phase IV after release.
Vaccines are tested on extremely healthy subjects for
a very short time (7 to 14) days or till the time adverse
events start appearing
Often serious adverse events are explained away or
not reported
Vaccines are not tested against any genuine placebo.
They are tested against the same vaccine without the
antigen or some other equally toxic substance
In India, the Supreme Court and even Parliament has
questioned trials but vaccines continue.
Official vaccinated vs un-vaccinated study never
conducted
"
15,2018-11-24_20-02-21_UTC.json,"go get a flu shot! 
send well wishes to @callanso17 üíú

#vaccines #flu #tamiflutotherescue","ROSE
vaccines
work,
people!
NiteTime
COLD&FLU
o
Y
ARD
CIDER
"
16,2019-02-19_07-17-07_UTC.json,The stereotype of dumb blondes is not necessarily true but Jenny fucking McCarthy is one of those exceptions #vaccinateyourkids,"HI! I'M JENNY MCCARTHY! AFTER SPENDING
YEARS PUSHING THE ANTI-VACCINATION
MOVEMENT FORWARD I DECIDED TO HOCKE
CIGARETTES
BECAUSE I THINK CLINICALLY PROVEN SAFE
MEDICAL TREATMENTS ARE DANGEROUS, BUT
PUSHING CANCER CAUSING PRODUCTS IS OKO
"
17,2016-04-01_17-26-48_UTC.json,"@andrewwakefield I can't believe you said that the measles, mumps and rubella vaccines (MMR) is linked to autism! Now parents are vaccinating their kids  less and at a higher risk to get measles! You are a bad person! Thank god your paper got retracted in 2010 #vaccineswork #getvaccinated #MMR","I heard that
vaccines cause
autism.
THE LANCET
Q. Do Vaccines Cause Autism?
A. Nope.
The myth began in 1998, when
an English medical journal called
The Lancet published a paper
which claimed a link between
autism and the Measles, Mumps,
and Rubella vaccine (MM
"
18,2015-10-19_23-17-12_UTC.json,üòÇüòÇ#vaccines #shots #dontvaccinate #poison #autisum #sids #ADD #ADHD #dangerous #pharma #killers #edugatebeforeyouvaccinate #vaccinefree #organic #nongmo #toxinfree #allergys #vaccinedamage #toxicfreekids #goverment #novax #vactruth #vactruth#autistic,"YOU MIGHT THINK I LOOK OLD FASHIONED
BUT I WAS SMART ENOUGH TO
TELL THE DOCTOR TO FUCK OFF WHEN
HE ASKED THE VACCINATION QUESTION
"
19,2017-02-04_09-46-26_UTC.json,"#Repost @who with @repostapp
„Éª„Éª„Éª
Today is #WorldCancerDay.
Here are ways to reduce your #cancer risk.
Together, let's #beatcancer!

#health #healthtips #publichealth #NoTobacco #VaccinesWork #cervicalcancer #breastcancer #lungcancer #skincancer #prostatecancer #cancerwalk #cancersupport #seahawks #oncology","who
World Health
Organization
TOGL
LET'S BEAT CANCERS
sbNEb
Ways to reduce
your cancer risk
Do not smoke. Do not use any form of tobacco.
Make your home smoke-free.
Be physically active.
Enjoy a healthy diet.
Limit your alcohol intake.
Avoid too much sun, use sun protection.
Breastfeeding reduces the mother's cancer risk.
Reduce indoor and outdoor air pollution.
Vaccinate your children against Hepatitis B and HPV.
Take part in organized cancer screening programmes.
"
20,2017-03-25_15-23-12_UTC.json,"Join me Sunday night to hear my important interview with Dr. Andrew Wakefield, Director of @vaxxeddocumentary.  Robert DeNiro said, ""Everyone must see this film."" Visit my website and click ""radio show"" for more info and to listen live (link in profile) ‚Ä¢‚Ä¢‚Ä¢ #vaxxed #cdc #cdcwhistleblower #documentary #film #vaccines #autism #film #movie #talkradio #podcast #ontheair #delbigtree #interview #thescotthelmershow #dƒ±rector. #mmr #conspiracy #coverup #bigpharma #deniro #robertdeniro","VAXXED
FROM COVER-UP T TO CATASTROPHE
THE FILM THEY DON'T WANT YOU TO SEE
"
21,2019-02-13_14-08-18_UTC.json,"This is low key scary
-
-
-
-
-
-
-
-
#likeforlikes #followforfollowback #memesüòÇ #shoutoutforshoutout #memesdaily #horror #scary #memes #funnymemes #funnyvideos #like #subscribe #youtube #gaming #antivax #no #comedy #memesdaily #daily #comedyclub #spider #egg #baby #death #metal #letsgo","Anti-vaxxer: My child isn't vaccinated
and they're perfectly healthy!
Their Child:
"
22,2019-01-26_15-43-29_UTC.json,"Wonder what life was like pre-vaccines? If the 1918 influenza were to have struck in 2018, it would have claimed more lives globally than heart disease, cancers, strokes, chronic pulmonary disease, AIDS, and Alzheimer‚Äôs disease combined. Protecting yourself helps protect everybody else. üì∑/article credit: @guardian. See comments for link.

#vaccines #influenza #history #medicine #pediatrics #vaccinateyourkids #vaccinate #globalhealth #cdc #doctor #nurse #researcher #epidemiology #worldhealthorganization #historyofmedicine #science #microbiology #virology #immunology", 
23,2015-06-10_15-56-30_UTC.json,"Day 109: Getting shots for the impending journey.
#day109 #109 #365daysofphotos #photoaday #hospital #vaccination #shot #journey #unhappy","1.JAGERU
E6IS1
2-8BR2j89 A9
BS5CU8 BsR
14
3.001
RERI
PISE9
OPO Iinfervice Hour
8:00
:00
"
24,2014-12-23_17-05-39_UTC.json,FIGHTING!!!! #measles after 3 days of fever. 2nd dosage. Here we go!! Super strict diet now. So I'll be loising weight! Gotta see things positively. I see this as a blessing in disguise! üòä #ihateneedles #challengeaccepted #blessingsindisguise, 
25,2015-04-23_23-37-46_UTC.json,No flu for us üò∑ #fluvaccine #vaccine #jab #ow #owwies #twinning #lefties, 
26,2019-03-11_14-28-48_UTC.json,"Brody Wyatt 6 months old üíô
.
.
.
.
.
#vaccinate #partoftheherd","graham
medical
SMPART
OF THE
grahamic
medical
HERD.
HVACCINATE
Pampa
grahaedical
"
27,2019-03-09_18-35-13_UTC.json,Vaccinate yo child!üíâ,"VACCINES
SAVE,
BRO
"
28,2018-05-22_16-45-46_UTC.json,All these are symptoms from the vaccines they SAY you needüòíYeahhhh gonna be a no from me dawgüëÅNo convincing me to poison myself or my future offspring because you did it & you're still brainwashed or want others to be a statistic because you clearly made a mistake. These doctors who tell you this are apart of a population control agenda and won't get paid if you walking this earth healthy. Drug dealers not telling crackheads to go to rehab are theyü§∑üèæ‚Äç‚ôÇÔ∏è #StayWoke #EachOneTeachOne #Vaccines #DidYouKnow #HealthIsWealth,"FOUR MOST DANGEROUS
TOXINS TO THE BRAIN
HEAVY METALS
can cause a broad spectrum of
'brain-related diseases including
autism, Alzheimer's, amyotrophic
lateral sclerosis, Parkinson's
disease and neurodevelopmental
diseases
FLUORIDE
lowers IQ levels in humans,
linked to learning and
memory impairment, fetal
brain damage and altered
neurobehavioral function
MONOSODIUM
GLUTAMATE (MSG)
could cause Alzheimer's
disease. Parkinson's and
other brain ailments
ARTIFICIAL SWEETENERS
can cause several symptoms,
including anxiety attacks, slurred
speech, depression and migraines.
"
29,2019-03-16_22-09-36_UTC.json,#DontDie #Polio #Measles #Mumps #Vaccine #Triggered #Snowflake #Words #And #Stuff #And #Some #Things,"JOOS
WANNA
BE
IF YOU
MY
LOVER
Be
Vaccinated
YOU
GOTTA
"
30,2019-01-11_04-21-36_UTC.json,Don't need or want an apology. Just want you to stop poisoning your Children! #vaccineskill #vaccineinjuredchild #justsaynotovaccines #fuckvaccines,"Wait so is this entire
country just
pretending they didn't
hear that the MSM
finally reported that
VACCINES CAN (and
do!) CAUSE AUTISM?!
Some of y'all owe me
an apology
"
31,2018-06-21_19-35-11_UTC.json,"What are your favorite kids crafts?
http://bit.ly/2GTaCy2
#smm #smartmouthmoms #motherhood #sanctimoms #sciencebased #bestpractice #breastisbest #fedisnecessary #gentleparenting #vaccinessavelives #safesleep #rearfacing #carseatsafety #anticio #antispanking #VaccinesWork","Excuse the mess
were making
memories
"
32,2018-05-12_10-12-13_UTC.json,Say #ThankYou #SoGrateful #LocketLady #lovewhatido #OrigamiOwl #ScarletCalifornia #MyMini #GodsPlan #MiracleBaby #NICU #PTSD #VaccineInjury #NECsurvivor #Rare #ileostomy #BreathHoldingSpells #Melanonychia #SPD #MOMvocate #InformedConsent #HearThisWell #RCHPSG #ParentConcierge #RAOK #MemorialLockets #Skfo2 #ScarletsARMY #NobodyFightsAlone #DonateToday #ScarletsKidsFoundation,"THAN
YOU
SO GRATEFUL
"
33,2018-05-20_08-14-05_UTC.json,Deep!!! Uncut raw Real knowledge. Wake the hell up PREACH!!!!#funny #blacklivesmatter #virgo‚ôçÔ∏è #facebook #pickuptrucks #vaccine #RollingStones #animation#guns #easports #telltheworld #bet#Marijuana #jesuschrist#Twitter#music #corruptedgovernment #Fitness#bleach #NarutoShippuden#life#live#Kardashians#military#vegan #bodymindspirit #innocent #higherconsciousness  #wisdom #enlightenment. Unity is key to save us colored people,"THEY DONT
GIVE A
FUCK
ABOUT US
-Tupac
"
34,2018-10-24_14-31-22_UTC.json,"""This #WorldPolioDay, we renew our call for strengthening of #immunization financing strategy in #Nigeria, because the existence of #Polio anywhere in the world, is a threat to children everywhere."" - @toyinsaraki #endpolionow #endpolio #vaccinesworks #healthandwellbeing #health #vaccines #HealthForAll #wellbeing4all #child #EveryChildAlive @who @wavaorg @gavialliance @thisisbillgates @gatesfoundation @jnjglobalhealth @sfhnigeria @theglobalgoals","WORLD POLIO DAY
nday
ndation
ellbeing a
Join us on Twitter
@ wellbeingafrica
#WorldPolioDay
#EndPolio
#VaccinesWork
The Welle
on Africa
Commit
Wted To Ca
Caring
"
35,2018-09-28_03-27-58_UTC.json,Deeeeng ü§§üòçüëÄ #holistic #naturopathy #homeopathy #pure #health #healing #pHARMacy #merck #cdc #fda #brainwashed #wakeup #realmedicine #vaccineinjury #vaxxed #antivax #autismawareness #education #informed #wedid #medicine #medical #nurselife #pregnancy #nursery #vaccines #behealthy #eatclean #vegan #vegetarian,"People
Holistic
medicine
Doctors,
pharmaceuticals
"
36,2017-10-05_01-53-08_UTC.json,Natural medicine is key‚òùüèæ#staywoke #medicine #flushot #vaccines #government #knowledgeispower #crazy #health,"DO YOU KNOW
WHAT'S IN A VACCINE?
NONE OF THESE SHOULD BE INJECTED INTO YOUR BODY
Aluminum
Known to cause brain damage at all doses.
linked to ALZHEIMER'S DISEASE dementia,
souures, autoimmune issues, SIDs and
cancer. This toxin accumulates in tho brain
and causes more damage with oach dose.
Human and Animal Colls
Human DNA from abortod 8ABIES Pig blood.
horse blood, rabbit brains, dog lodneys, cow
hearts, monkey kidneys.chickenbryop, calf
sorum, sheep blood & moro. Linked to childhood
loukomia and diabetes
Beta Propiolactono
known to cause CANCER Suspected gastroin.
testinal, liver, nerve and respiratory, skin and
sense organ POISON
Mercury (thimerosal]
One of the most towo substances known
Even if a thermomotor breaks, the building is
cleared and HAZMAT is called Tiny doses
cause damage to the brain, gut, liver, bono
marrow, nervous system and/or kidneys.
Linked to autoimmune disorders and
neurological disorders like AUTISM
Gentamicin Sulphate &
Polymyxin B antibiotios
ALLERGIC reactions can range from mild to
life-threatening
Monosodium Gittamate (MSG)
A toxio chemical that is linked to birth
defects, developmental delays and infortility
Banned in Europe.
Genetically Modified Yeast,
Animal, Bacterial and Viral DNA
Can be incorporated into the recipient's DNA
and cause unknown GENETIC MUTATIONS
Neomycin Sulphate (antibiotic)
Interferes with vitamin B6 absorption which
can lead to opilepsy and brain damage.
Allergic reactions can range from mild to life
threatening
Glutaraldehyde
Poisonous if ingested. Causes BIRTH
DEFECTS in animals.
Phenol/Phenoxyethanol 12-PE)
Used as anti-rooze TOXIC to all cells and
capable of destroying the immune system
Formaldehyde formalin
Known to cause CANCER in humans. Probable
castrointestinal, lover, respiratory, immune.
nerve and reproductive system POISON.
Banned from injectables in most European
countries.
Polysorbato BOE 20
Known to cause CANCER in animals and linked
to numerous autoimmune issues and infertility.
Latex Rubber
Can cause life-threatening allergic reactions,
Triin) Butylphosphate
Potentially toxic to the kidney and nervous system.
"
37,2015-10-05_15-38-51_UTC.json,üëÜüèºThat look: curtesy of a Monday morning check-up #fluvaccine #vaccinessavebro #totlyfe,"JACCINE
AVE
O
"
38,2019-04-06_05-40-15_UTC.json,Loving my CBD with CBG. #healthfreedom #actorslife #idonotconsent #vaccineskill #cbd #cbg #hemp,"Tom Hanks knows...
CNN: So Tom, how did you find out about CBD?
Tom: The first time I ever tried CBD was to help
sooth my anxiety. I was fed up with taking various
pills to try and make me ""better""... It wasn't how I
wanted to live my life anymore. So I gave CBD oil
a try. It was a huge relief for me to feel like myself,
yet the edge was gone. A bonus to the whole thing
was the relief from various aches and pains I have.
Especially the arthritis in my knees. It immediately
alleviated 90% of my pain. Tom Hanks
CNN October 23, 2017
"
39,2015-01-26_15-29-54_UTC.json,"Support the use of vaccinations worldwide in an effort to battle diseases which we have the power to eradicate. Children should not die of measles, hep or yellow fever in 2015. #VaccinesSaveLives #BillAndMelindaGatesFoundation","VACCINES HELP CHILDREN
Grow Up to Achieve Their Full Potential
VACCINES
COUNTRIES
HAEMOPHILUS
INFLUENZAE TYPE B
HEPATITIS B
MEASLES
PNEUMOCOCCAL
HAVE SAVED MORE THAN
MENINGITIS A
ROTAVIRUS
6 MILLION
LIVES SINCE 2000
YELLOW FEVER
Source: Gavi, the Vaccine Alliance
gatesletter.com
176 Likes 571 Comments
"
40,2019-02-16_13-07-51_UTC.json,"Thanks @robdelaney. Summed this Capricorn up pretty well. ‚ô° Cracks me up
#capricorn #funnyguy #soberlife #aa #hp #42 #gratitude #kiasoul #vaccinateyourkids","I'm a
CAPRICORN
and I drive a
KIA SPORTAGE
I'm LOyac and FRISKY
and I will
PEFEND MY SONS
from
MEASLES
with
ESSENTIAL OILS
and
I KNEEL S0 HARD
when the anthem comes on that
THE GROUND WHIMPERS
I use my wife's
CPAP when she sleeps in
THE BARN
"
41,2019-04-12_18-03-02_UTC.json,"#estudo Uma pesquisa feita na Esc√≥cia e publicada na British Medical Journal analisou os dados de quase 140 mil escocesas e comparou as taxas de c√©lulas pr√©-cancer√≠genas no colo do √∫tero entre mulheres n√£o vacinadas nascidas em 1988 e mulheres vacinadas nascidas em 1995 e 1996. As vacinadas apresentavam uma redu√ß√£o dr√°stica na incid√™ncia do c√¢ncer. O estudo tamb√©m mostrou que mesmo as mulheres n√£o vacinadas foram beneficiadas pelo efeito conhecido como ‚Äúimunidade de rebanho‚Äù - quando encontra muitas pessoas imunizadas, o v√≠rus n√£o consegue se espalhar, infectando menos gente. O DOI para encontrar o paper na Web √© doi.org/10.1136/bmj.l1161.
‚†Ä
A #study done in Scotland and published in the British Medical Journal analyzed data from nearly 140,000 Scottish women and compared precancerous cell rates in the cervix between unvaccinated women born in 1988 and vaccinated women born in 1995 and 1996. The vaccinates showed a drastic reduction in the incidence of cancer. The study also showed that even unvaccinated women were benefited by the effect known as ""herd immunity"" - when many people are immunized, the virus can not spread, infecting fewer people. The DOI to find the paper on the Web is doi.org/10.1136/bmj.l1161.
‚†Ä
#imunologia #imunidade #immune #immunity #inmuno #ci√™ncia #science #sa√∫de #health #pesquisa #research #vacina #vaccine #hpv #cancer #cervicalcancer
‚†Ä","SUPER
INTERESSANTE
Vacina contra HPV reduz incid√™ncia de c√¢ncer
do colo do √∫tero em 89%, diz estudo
"
42,2018-10-17_22-03-14_UTC.json,"PEOPLE VACCINATE YOUR FUCKING KIDS, YOU DUMB FUCKS!!! WTF IS WRONG WITH YOU?! #vaccine #vaccination #vaccinate #kids #baby #toddlers #children #parent #parents #stupid","The Percentage Of Young Children In
The US Who Haven't Been
Vaccinated Is On The Rise
"
43,2018-06-14_15-08-57_UTC.json,"This week I have been at the Kansas immunization conference. What a great few days of learning new information, sharing new ideas, and listening to the leaders in the immunization field share their knowledge related to vaccines, vaccine safety and support for parents. Excited to return to work and begin working to improve immunization knowledge in my town ( HPV also at or before 16) #nurse #registerednurse #vaccineswork #vaccine #vaccines #vaccinessavelives #immunize #immunizeyourkids #herdimmunity #kansas #proudnurse #fqhc #knowyourfacts #healthcare #medical #bewiseimmunize #wecare #nursingisaworkofheart","Il
le Des or come back)
o Every child by 2
O AIM¬∞ assouation of Immunization Managern.
Vaccinatim
ANNAN
O
O
O
School entry-DTap, Polie, MMR, VAR -
livr Well child -Tdap Meningitis, HPV ‚Äì
lbyr Well child- Meningitis ACY√ö, men B-
Annnal Fin Valline NANNAXXRAVA
"
44,2019-02-13_01-43-11_UTC.json,"Isn‚Äôt it bad enough that today‚Äôs vaccinations contain neurotoxins, extreme allergens, genetically modified organisms, and DNA from abortions? Do we really need to find out that a popular childhood vaccine that‚Äôs highly recommended by the CDC contains two strains of a rare and deadly virus that‚Äôs killing pigs by the thousands in China? Why the heck is some mad scientist allowed to infect and corrupt a childhood oral vaccine with a foreign virus that has NOTHING to do with the virus the vaccine is supposedly protecting the child against? Just how corrupt is the vaccine industry, and why is the doctor who made the vaccine profiting by the millions as a pediatrician who treats the very children to whom he‚Äôs administering a rare and deadly pig virus? ‚ÄúRotaTeq‚Äù and ‚ÄúRotarix‚Äù vaccines are supposed to help prevent rotavirus infection in children, but do they? If a child gets rotavirus, the symptoms are diarrhea, vomiting, sore throat, runny nose, wheezing and coughing. Sounds like the flu. Auspiciously though, the exact same symptoms are the¬†most common side effects¬†listed for RotaTeq and Rotarix oral vaccines.

In addition to fetal bovine serum, RotaTeq vaccine contains 5 LIVE strains of rotavirus, polysorbate 80, and strangely¬†types 1 and 2 of porcine circovirus¬†(PCV) that infects pigs and kills them. The insidious creator of the vaccine, Dr. Paul ‚ÄúVaccine Industry Puppet‚Äù Offit, claims that circovirus is ‚Äúnot known to cause disease in humans,‚Äù but he never provides any excuse at all, much less a logical or justifiably medical one, for including this pig virus in a vaccine for children.

#vaxxed #vaccines #antivaccine #synthetics #chemicals #vaccineskill #agenda21 #Agenda2030","=
Natural News
VACCINE INSANITY: Multiple strains of
deadly pig virus discovered in Rotavirus
oral vaccines with no legitimate reason for
their use
Monday, February 11, 2019 by: S.D. Wells
Tags: badhealth, circovirus, circovirus in rotarix, circovirus in rotateq,
corrupted vaccine, Dangerous Medicine, dangerous vaccine, deadly pig virus,
oral vaccine danger, Paul Offit, pig virus in vaccine, rotarix, rotateq, rotavirus,
side effects, vaccine corruption, vaccine ingredients, vaccines
PO MW
5,510
VIEWS
"
45,2019-03-29_07-41-29_UTC.json,"‚ö†Ô∏è#BREAKING: Public Health officials have confirmed two more cases of measles in Butte County, bringing the total to four. Details in the link.
.
https://www.facebook.com/122163047886/posts/10156407966792887/
.
#reddingbuzz @reddingbuzz  #bestofthenorthstate #thisisbuttecounty#news #actionnewsnow #measles #measlesoutbreaks #newswatch #thisistgenorthstate #usecaution #breakingnews #keepintheloop #stayinformed @actionnewsnow #keepuptodate #healthwatch
#protectyourself @bestofthenorthstate #educateyourself #protectyourfamily","2 more cases in butte county
MEASLES
OUTBREAK
2-28-19
#ReddingBuzz @ReddingBuzz
"
46,2016-08-17_13-47-11_UTC.json,"Another day, another @marvel bandage for my super soldier serum injection site.

Side note: the location makes it really difficult to get a great photo... not that you need that. 
#stl #research #labrat #vaccine #tbvaccine #wolverine #xmen","OBDOBRODON
WOOD
DOBRE
"
47,2017-04-11_21-00-53_UTC.json,"üëΩüëæüéìThere's no escaping now ya brainwashed sheep!! üêëüêèIf you dont obey and conform to the 'New Norm' - then you're gunna get murdered and  beheaded by guillotine ya pea brained peasents!! Your government loves ¬•0U!! ""LOL"" üôãüñºüé≠‚õèüëø #tyranny #prophecy #bible #fiction #trump #government #satan #satanists #pizzagate #pedafiles #bombs #death #murder #terrorism #terrorists #jews #nazi #chemtrails #geoengineering #haarp #vaccines #flouride #oil < #washington #liberty #fly #stars #universe #earth #neworder üîΩüîª‚ô®","@ www.google.com
X
WHAT'S THE DIFFERENCE BETWEEN BOY
SCOUTS AND JEWS?
Watch ye
therefore, and
pray always,
that ye may be
accounted worthy
to escape all
these things
that shall come to
pass, and to stand
before the Son of
man.
Luke 21:36
BOY SCOUTS COME BACK FROM THEIR CAMPS.
! PREFER DANGEROUS FREEDOM OVER PEACEFUL SLAVERY
LECTURE ON SLAVERY
BE HELD TODAY
PAY TAXE
VOTE
OBEY
ABR
CONSUME
OBEY
EPEAT
OBEY
REPEAT
AMP. Sharia Unveiled - WordPress.com
Why Did the U.S. Government
Recently Purchase 30,000 Guillotine.
DISOBEY THE TYRANTS
1.
"
48,2014-09-27_09-03-49_UTC.json,"Truth Powered & Presented by AkkuFresh¬Æ Next Generation‚Ñ¢
Let's Save Our Planet!
#sugar #Vaccination #WakeUp #NSA #Agenda21 #NWO #NewWorldOrder #Conspiracy #Disobey #GMO #organic #raw #bio #endthefed #Think #Revolution #RealTalk #Libertarian #Liberty #Freedom #Inspiration #infowars #alexjones #ronpaul","SUGAR
COCAINE
In fact, sugar is eight times
more addictive than cocaine.
"
49,2017-05-03_20-47-04_UTC.json,Check ups are rough. #21lbs #vaccines #1yrcheckup ‚òπÔ∏èüë∂üèºüíô,"ww
65
DE WO
"
50,2019-04-09_14-39-42_UTC.json,"Be like spongebob

#vaccines #vaccinateyourkids #antiantivax #vaccinated #memes #funnymemes","Vaccines
cause
autism
SS
"
51,2019-02-22_03-33-33_UTC.json,"There she said it -
-
-
-
-
#meme #memes #memesdaily #memed #memer #memestagram #memesrlife #funnymemes #memes2good #lol #funny #antivaxxer #antivaxmemes #antivaccine #deathmeme #dankmemes #dank #dankdank #dankest #darkmemes #deepfriedmemes #darkhumor #cursedimage #cursedimages #cursedmeme #dailymemes #memesdaily","Millenials only make fun
Of unvaccinated children
because they are jealous
that they have to wait to
die
"
52,2018-12-01_18-12-11_UTC.json,If you don't vaccinate your kid or believe any anti-vaxx lies you're a God-damned-nightmare #antivaxxer #vaccineswork,"'Anti-vax' movement blamed for 30
per cent jump in measles cases
worldwide
by glasier sbs.com.au
r/worldnews
8 hours ago
3205 comments o
68601 points (91% upvoted)
"
53,2019-01-10_18-16-14_UTC.json,#vaccineskill #vaccinesaredangerous #vaccinehazards #vaccinerisks #donttrustvaccines #vaccines #vaccinesaretoxic #toxicvaccines #vaccinesarepoison #vaccineinjury #vaccineoutbreak #vaccinesuncovered #vaccinetruth #vaccinefree #vaccinesrevealed #vaccinesdontwork,"As many as 145,000 children
have died in the past 20
years as a result of the
multiple vaccine approach.
@dangersofvaccines
"
54,2019-03-31_18-48-28_UTC.json,If everyone stopped showing up we could stop this madness! #vaccineskill #vaccines #stopvaccinating, 
55,2014-03-21_21-43-02_UTC.json,Vaccines plus 75 degree weather means a naked ride home from the pediatrician because her little outfit was tight in the thighs (shocker). #babiesofinstagram #vaccinate #95th percentile, 
56,2018-01-03_15-32-44_UTC.json,"The US has skyrocketing rates of chronic health issues in children. Health issues like asthma, allergies, diabetes, autoimmune disorders, once-'rare' diseases, arthritis, lupus, etc -- not to mention skyrocketing rates of childhood cancer, known to be caused by toxic chemicals including those in vaccines. Some of these issues used to be found only in adults. 
But now children are exposed to more toxins earlier in life, particularly with the intense childhood vaccine schedule. The US now gives 72 vaccines by age 18, much higher than most developed countries. And yet we have the sickest kids. (See first comment for link to the report.) So if vaccines (and the toxins in them) keep our children so healthy, why are they all so chronically sick? üò¢ 
#learntherisk #saveourchildren #vaccines #health #naturalhealth #flushot","If vaccines keep our
children so 'healthy',
why are nearly HALF
sick with a chronic
illness?!!
LearnTheRisk.org
"
57,2016-03-09_18-56-27_UTC.json,"Be wise.....immunize!

#gta, #toronto, #richmondhill, #maple, #vaughan, #thornhill, #fitness, #medicine, #stouffville, #aurora, #newmarket, #gym, #wise, #immunize, #medicine, #soccer, #hpv, #sports, #cancer, #health, #vaccine, #doctor, #safesex, #cancerprevention, #campaign, #sex, #905, #416","Immunizations
Help protect yourself against HPV with
GARDASIL-9 if you're a woman 9-45 years old
or a man 9-26 years old.
See your doctor today for more information.
www.MatlisMedical.com
"
58,2018-10-05_13-13-41_UTC.json,Repost from @holistichealthandmore ! I‚Äôm not here to judge. I‚Äôm here to inform. My kids were vaccinated for a portion of their lives UNTIL I decided one day to research and LEARN about what I was allowing to be injected into my children. That‚Äôs all it took. I‚Äôm not saying you‚Äôll agree with me afterwards BUT what do you have to lose by educating yourself? #vaccineskill  #vaccineinjury  #vaccineinjuryawareness  #research #beanadvocate  #advocate #learn #vaccinesarepoison  #readtheingredients  #readtheinserts,"11
D
""If you believe in vaccination for
""the greater good"", you should
celebrate the sacrifices made by the
vaccine injured, and their families
- not castigate or dismiss them. If
the risk is for the ""greater good"",
where are the celebrations of the
heroes who bore the risk? Nowhere.""
e
e
O
e
a
- James Lyons-Weiler, PhD
"
59,2019-02-27_22-11-45_UTC.json,"day #16
___
accidentally missed a day;(
___
#memesüòÇ #meme #memesdaily #mirandacosgrove #vaccinateyourkids #vaccinateyourdamnkids #vaccinateyourfuckingkids #vaccinateyourchildren #vaccinateyokids #vaccinate","Thread
shay
@OhhShay_
*Unvaxxed kids at the pool*
Kid: Marco!?
Viruses in the pool: Polio >:)
9:13 PM ¬∑ 2/21/19 - Twitter for iPhone
5,412 Retweets 19.7K Likes
"
60,2019-03-18_02-40-26_UTC.json,#educatedontvaccinate #riseup #idonotconsent #informedconsent #vaxxed #thetruthaboutvaccines #holistic #wakeup #crazymothers #crunchymamas #crunchytribe #vaccinesharm #sheeple #heal #staywoke,"When you're an outsider but you finally
come to terms with it and realize you can
be comfortable with who you are.
"
61,2018-09-05_12-44-19_UTC.json,"Someone got his two month shots yesterday and kept his Momma up all.night.long. .
.
.
.

#BennettWilliam #BabyBoyLeMay #MomLife #PremieProud #Snuggles #SleepyBaby #upallnight #vaccinateyourkids #vaccinated #poorbaby #newmom #firsttimemom #coffee #allthecoffee #caffeinateme", 
62,2014-08-25_20-43-48_UTC.json,"#Repost from @rethinkvaccines with @repostapp --- Here is the vaccine insert for the Tripedia (DTaP) shot, page 11 is shown. If you look at the paragraph directly above ""reporting of adverse events"" you will see a list of adverse events reported post approval of the use of Tripedia by the general population which includes *autism*, *SIDS*, seizures and more. Source: immunize.org/ vaccineinsert.tripedia/DTaP, page 11. #vaccines #novaccines #tripedia #dtap #immunize #immunization #vaers #vaccineinjury #vaccineeffects #vaccineinserts #vaccinefree #vactruth #vaccinetruth #vaccinateyourkids #novax #antivax #antivaccines #provax #provaccines #autism #sids #shotatlife #rethinkvaccines","Page 11 of 13
In the German case-control study and US open-label safety study in which 14,971 infants received Tripedia vaccine, 13 deaths in
Tripedia vaccine recipients were reported. Causes of deaths included seven SIDS, and one of each of the following: enteritis,
Leigh Syndrome, adrenogenital syndrome, cardiac arrest, motor vehicle accident, and accidental drowning. All of these events
occurred more than two weeks post immunization. The rate of SIDS observed in the German case-control study was 0.4/1,000
vaccinated infants. The rate of SIDS observed in the US open-label safety study was 0.8/1,000 vaccinated infants and the reported
rate of SIDS in the US from 1985-1991 was 1.5/1.000 live births "" By chance alone, some cases of SIDS can be expected to follow
receipt of whole-cell pertussis DTP or DTaP vaccines.
Additional Adverse Reactions:
As with other aluminum-containing vaccines, a nodule may be palpable at the injection sites for several weeks. Sterile abscess
formation at the site of injection has been reported.3.
Rarely, an anaphylactic reaction (ie, hives, swelling of the mouth, difficulty breathing, hypotension, or shock) has been
reported after receiving preparations containing diphtheria, tetanus, and/or pertussis antigens.
Arthus-type hypersensitivity reactions, characterized by severe local reactions (generally starting 2-8 hours after an injection),
may follow receipt of tetanus toxoid.
A few cases of peripheral mononeuropathy and of cranial mononeuropathy have been reported following tetanus toxoid
administration, although available evidence is inadequate to accept or reject a causal relation.
A review by the Institute of Medicine (1OM) found evidence for a causal relationship between tetanus toxoid and both brachial
neuritis and Guillain-Barr√© syndrome
A few cases of demyelinating diseases of the CNS have been reported following some tetanus toxoid-containing vaccines or
tetanus and diphtheria toxoid-containing vaccines, although the iOM concluded that the evidence was inadequate to accept or
reject a causal relationship.
Adverse events reported during post-approval use of Tripedia vaccine include idiopathic thrombocytopenic purpura, SIDS,
anaphylactic reaction, cellulitis, autism, convulsion/grand mal convulsion, encephalopathy, hypotonia, neuropathy, somnolence
and apnea. Events were included in this list because of the seriousness or frequency of reporting. Because these events are
reported voluntarily from a population of uncertain size, it is not always possible to reliably estimate their frequencies or to
establish a causal relationship to components of Tripedia vaccine.
Reporting of Adverse Events
The National Vaccine Injury Compensation Program, established by the National Childhood Vaccine Injury Act of 1986, requires
physicians and other health-care providers who administer vaccines to maintain permanent vaccination records of the
manufacturer and lot number of the vaccine administered in the vaccine recipient's permanent medical record along with the
date of administration of the vaccine and the name, address and title of the person administering the vaccine. The Act (or
statute) further requires the health-care professional to report to the Secretary of the US Department of Health and Human
Services, the occurrence following immunization of any events set forth in the statute or the Vaccine Injury Table, including
anaphylaxis or anaphylactic shock within 7 days; encephalopathy or encephalitis within 7 days, brachial neuritis within 28 days;
or an acute complication or sequelae (including death) of an illness, disability, injury, or condition referred to above, or any
events that would contraindicate further doses of vaccine, according to this Tripedia vaccine package insert.
Reporting by parents or guardians of all adverse events after vaccine administration should be encouraged. Adverse events
following immunization with vaccines should be reported by health-care providers to Vaccine Adverse Event Reporting System
(VAERS Reporting forms and information about reporting requirements or completion of the form can be obtained from VAERS
through a toll-free number 1-800-822-7967.34.19
Ith viders also should report these events to the Pharmacovigilance Department, Sanofi Pasteur Inc., Discovery
e, TOO MANY PA 18370 rll 100-822-2463.
AI
"
63,2016-06-15_22-43-08_UTC.json,#truth #lies #yourgovernmentislying #medialies #hiddentruths #seekthetruth #corruption #vegan #organic #eatorganic #chemicals #chemicalscausecancer #godisnotgreat #religionisbullshit #religion #religionkills #vaccines #vaccinescausedisease #truthbetold #truthhurts,"THE PROBLEM IS NOT PEOPLE
BEING UNEDUCATED
TURNING
POINT USA
THE PROBLEM IS THAT THEY ARE EDUCATED JUST
ENOUGH TO BELIEVE WHAT THEY'VE BEEN TAUGHT
AND NOT EDUCATED ENOUGH TO QUESTION WHAT
THEY'VE BEEN TAUGHT
TPUSA.com
"
64,2017-03-28_17-43-40_UTC.json,@Doc office. Ugh Corbin gets shots today üò≠#needprayers #vaccines #angrybaby,"uimet
"
65,2018-10-27_08-26-16_UTC.json,the last an extra vaccine for 2018.... happy time with happy Son and lucky mom #adamnasongkhla #2years9months #happyson #luckymom #loveislove #reallove #realworld #hospital #vaccines #baby #healtylifestyle #healty #happy #happiness #momandson #responsibility #mysonismyworld,"PUNC
ONUTS
oUNKIN
ONUTS
ENJOY YOUR MOMENY
Mad
"
66,2017-08-08_18-20-20_UTC.json,"August is national immunization awareness month, a great time to get vaccinated. Our goal is to increase awareness about immunizations across the lifespan, from infants to the elderly. Visit any of our Miami locations nearest you.¬†
http://www.mccigroup.com/locations #august #immunization #immunizationawareness #vaccines #getvaccinated #medical #medicalcare #health #healthcare #miamihealthcare @mccimedicalgroup #mccimedicalgroup","MCCI.
Media Group
Austis
Immunization
Awareness
Month!
VISIT A LOCATION NEAREST YOU
1.855.364.MCCI (6224)
www.mccigroup.com
"
67,2017-12-21_15-53-35_UTC.json,@Regranned from @truthtlr -  #Anonymous #BigPharma #Cancer #Conspiracy #Corruption #Elite #EndTheDrugWar #FalseFlag  #Freedom #Government #Health #Humanity #Illuminati #Life #Love #Media #Meme #NWO #Peace #QuestionEverything #Quotes #Revolt #Rothschild #Sheeple #Think #Truth #TruthTeller #Vaccines #WakeUp,"What's wrong with our
generation?
We forgot to Love (Instead we enjo
and hate),
drama
We forgot to respect (My sweetheart becomes
my bitch)
We don't express true feelings (Somehow
we believe it's sign of weakness)
We don't look for real role models (We look
for ""Celebrities"")
We don't discuss ideas, we insult ideologies
66
(We create intolerance)
We don't have real dreams (Celebrity life
becomes our dreams)
So what's wrong with our generation?
Walack Depth and that's Everything
trutht
TrJth
"
68,2019-01-06_21-10-48_UTC.json,#vaccineswork yeah that's why tax paying people's patient fees pay into the #vaccine #court and the #doj defends the #pharmacy #company #industry that make the vaccines...,"U.S. VACCINE COURT
Congress created in 1988
Vaccine makers don't defend vaccines
‚Ä¢ Federal government does, using
Justice Dept. lawyers
‚Ä¢ Money for victims comes from
patient fees
FULL
THE PHARMACEUTICAL INDUSTRY.
IN THE SPECIAL COURT, VACCINE
*
Q
V
Oro
.
"
69,2019-03-06_21-05-57_UTC.json,"""The truth is, 3.5 million people are living with #AUTISM in the United States of America.  35 cases of #MEASLES - and the #Media is in a frenzy."" Awake Mamma 
https://youtu.be/VJUV0MGyAcc

AMERICA IS DESTROYING ITSELF - FROM THE INSIDE OUT - WITH VACCINES THAT CAUSE A MULTITUDE OF BRAIN AND PHYSICAL INJURY AND DEATH.  80 PERCENT OF RELATIONSHIPS WHERE A CHILD BECOMES AUTISTIC - BREAK UP.

YOUR FUTURE YOUR FAMILY.  YOU DECIDE WHO WINS - NATURE AND REAL HEALTH AND HAPPINESS?  OR THE PHARMACEUTICAL INDU$$$$TRY AND THE SCAREMONGERING LIES OF THE MEDICOS AND MEDIA.

#vaccinescauseautism
#vaccineskillandmaim
#vaccinesarenotvegan
#bovinefetalserum
#vaccines","y'all keep ignoring the censorship.
don't blame me when we end up
here.
"
70,2018-03-19_15-26-39_UTC.json,"#GOODMORNING and welcome to day 555 of OPERATION SAVETHEWORLD with General @smokinjoemekhael and @thesavetheworld.army!

#STOPTHEWAR!
#SAVETHEWORLD!

BEAT THE #ILLUMINATI!
BREAK THE #NEWWORLDORDER!
SAVE THE WORLD FROM EVIL!

The #power of #love will lead us to #victory!

#peaceful #revolutionary #sensational #motivational #inspirational #healthy #positive #fighter #brazilianjiujitsu #grappling #vegan TWO-TIME GUINNESS WORLD RECORD BREAKING #DJ!

#fight #revolution #chemtrails #antivax #fluoride #weed #cannabis #marijuana #FREEDOM!

paypal.me/thesavetheworldarmy
youtube.com/c/thesavetheworldarmy
http://thesavetheworld.army
http://store.thesavetheworld.army
instagram.com/thesavetheworld.army
twitter.com/saveworldarmy
facebook.com/saveworldarmy
facebook.com/smokinjoemekhael","FROM THE
HIGHWAY
TO THE RIVER
OUR ARMY
WILL DELIVER!
THE
SAVE
""TITE
WORLD
ARMY
"
71,2013-10-02_08-35-56_UTC.json,"#finished#educated#novaccines this #book is great! It wasn't pro or con #vaccines jut plain facts and history and my conclusion is #dontvaccinate our children and us are not supposed to be science experiments, with all the chemicals added to #food,  #bodyproducts, and vaccines we are all lab rats. What more do you need to know that #diabetes, #cancer, allergies, and most all common #diseases are preventable by excluding these #toxins from your lifestyle?  The air is bad enough, so eat #organic and a mostly #vegetable  #diet and #exercise  30 minutes or more a day. Most importantly drink 10-8 oz glasses or more of. Purified #water #purist#eatclean#liveclean#clear#disruptthepattern","1059457323
VACCINE
THE CONTROVERSIAL STORY OF
MEDICINE'S GREATEST LIFESAVER
ARTHUR ALLEN
"
72,2018-12-02_18-17-37_UTC.json,THERE IS RISK - THERE MUST BE A CHOICE!!! #FIRSTIMMUNIZATIONS #IMMUNIZATIONS #VACCINATIONS #VACCINATION #INJECTIONS #INJECTION #WORLD #UK #USA #MOTHER #MOTHERS #NEWMUM #NEWMOTHERS #BABYDEATH #NEWBABY #PARENTS #WORLD #≈öWIAT #BABY #VAXXED #POLSKA #POLAND #SZCZEPIONKA #SIDS #ENGLAND #LEEDS,"until we come to terms with the problem
we will only see tragedies
"
73,2017-07-20_14-23-39_UTC.json,"Holiday time! ü§ó‚òÄÔ∏è‚òÄÔ∏è‚òÄÔ∏è
#holiday #instatravel #mallorca #vaccination #sunshine #wonderlust #traveler #travel #ootd #airportoutfit #jetset #readyfortakeoff #summer #tantime", 
74,2018-05-29_17-59-39_UTC.json,Morning knowledge: do #vaccines cause #autism ? NO!,"Do vaccines cause autism?
Vaccines do not cause autism. Vigorous
studies around the world have found no
connection. The original research that
sparked this fear was a small study of only
12 children with what turned out to be
falsified evidence.
Why do vaccines contain
aluminum and mercury? Aren't
they dangerous?
Aluminum is an additive that makes
the active ingredients more effective,
while mercury (also called thimerosal) is a
preservative. Both are naturally occurring
elements widely found in our environment,
and the amounts contained in vaccines are
less than what a baby receives from breast
milk.
"
75,2017-08-05_08-34-33_UTC.json,"üòÇüíïüôåüèº
#vaxxed #staywoke #vaccines","Honey, can you go see
if the baby is sleeping
*quietly opens door
Vaccines are poison !
naw babe she woke af
"
76,2018-01-22_11-41-35_UTC.json,"Billionaire #philanthropists Bill and Melinda Gates will pay off $76 million of Nigeria's debt through their namesake foundation. The payments, which will be made over the course of 20 years, are due to begin this year.

#Nigeria had no new cases of polio last year

In 2014, Nigeria borrowed the money from #Japan to fund its fight against the preventable disease,¬†Quartz reports. The Bill & Melinda Gates Foundation has ""agreed to repay the loan after Nigeria met the condition of achieving more than 80% #vaccination coverage in at least one round each year in very high risk areas across 80% of the country's local government areas,"" according to Quartz.

No new cases of polio were reported in the country in 2017. That's a drastic change from 2012, when Nigeria had over half of all polio cases worldwide, according to the publication.

#ForTheCulture #Thoughts #IsThereACatch #BillGates

https://www.cnbc.com/2018/01/18/bill-and-melinda-gates-foundation-is-paying-off-nigerias-polio-debt.html","Bill Gates is paying off this
country's $76 million debt
Sarah Berger l@sarahelizbergerl 2:42 PM ET Thu, 18 Jan 2018
Frederic Stevens | Getty Images
Bill and Melinda Gates in Paris last April
"
77,2017-01-13_07-31-07_UTC.json,A vaccine friendly family requested these shirts. #vaccines #vaccineswork #provax #idoshots #vax #shots #nurselife #vaccine,"IDO
DC
DESIGNS
SHOTS
SHOTS
DI -
IDO
SHOID
-
SHOTS
"
78,2019-03-11_19-49-18_UTC.json,"üë®üèΩ‚Äç‚öïÔ∏èThis last week was a whirlwind. It‚Äôs hard to travel while in med school, but the projects I‚Äôm working on are *so* worth it. The IHPC and AMSA have reminded me of what my true passions are.
‚Ä¢
‚Ä¢
‚Ä¢
üåé As I wrote a few months ago, I‚Äôve been working on removing the word ‚Äújust‚Äù from my vocabulary. It‚Äôs been a difficult time avoiding it, especially in the face of adversity within medicine. When we focus on issues ‚Äújust‚Äù surrounding homeopathy, ‚Äújust‚Äù regard vaccine choice, or ‚Äújust‚Äù regarding the right to abortion, we blind ourselves and self-impose significant restrictions. And it strangles us from within.
‚Ä¢
‚Ä¢
‚Ä¢
üñ§I‚Äôm learning to speak from the heart, operate more compassionately, and think more globally. It will be a journey in and of itself, but I challenge myself and other healthcare providers to check their ego at the door when working with patients and speaking with others. It will make the world of health and medicine a much easier place to work in.
‚Ä¢
‚Ä¢
‚Ä¢
#medicine #healthcare #ego #just #naturopathicdoctor #naturopathicmedicine #integrativemedicine #amsa #nmsalife #ihpc #homeopathy #vaccines #issues #arguments #humility #medschool #naturopathsgonewild", 
79,2015-10-15_02-32-22_UTC.json,The face that his pediatrician got when Christopher received an unexpected hepatitis shot during his 10 month check up. #AdventuresOfChristopher #Vaccination #MySONshine,"AS
"
80,2019-02-21_04-12-51_UTC.json,"millennials
‚Ä¢
‚Ä¢
‚Ä¢
‚Ä¢
#meme #edgymemes #dankmemes #fortnite #roblox #autism #sensitivecontent #victoryroyale #soyboy #edgy #sans #undertale #üóø #üêù #nnn #thisistoomanyhashtagssorry 
#justkidding #dab #naenae #slavery #kanyewest #donaldtrump #libtard #feminist #memereview #antivax #chungus","Hi
thats a slur
Why is it so hard to be
nice to you
"
81,2018-08-31_21-05-59_UTC.json,"What food proteins are found in #vaccines? The list includes ovalbumin, casein, gelatin, and soy. Read More https://goo.gl/NXbn9L #CMSRI","CRIME SCA
O NOT CRAS
SRIME SCENE DO NOT CROSS
CROSS CRIME SCH
ROSS
CRIME SCENE DO
"
82,2018-01-17_23-13-28_UTC.json,"The movie is on Netflix The Tuskegee Experiment. Our people are perishing from a lack of knowledge get informed then act. 
#wakeupandact #Blackhistory #vaccine #blackachievement #medicine #queens #blaxkgirlmagic #knowledge #wakeup #education #collegebound 
#Repost @black_._history
„Éª„Éª„Éª
#blackhistoryfacts‚úäüèæ Have you seen the movie?","Did you know that one black woman's cells
are the basis of HIV, polio + cancer
treatments worldwide? Her name is Henrietta
Lacks.
"
83,2019-02-14_16-20-15_UTC.json,"From Indonesia üáÆüá© and Sri Lanka üá±üá∞ to Pakistan üáµüá∞ and DRC üá®üá©... Gavi works to ensure that no one is left behind - no matter where they live. üåçüåèüåé Since Gavi was born, we have helped immunise more than 700 children and supported developing countries to prevent more than 10 million future deaths.

#tbt #VaccinesWork","Gavi/2007 / Mithra Weerake
Gavi / 2017 / Asad Zaidi
NADAR
Ang *1080
}
Gavi
2007 Marc Mbumba Kumbu
Gavi / 2007 / Edy Purnomo
"
84,2017-05-23_14-16-36_UTC.json,#proudmum #lovemyson #vaccinated #braveboy,"22e
"
85,2017-01-02_06-24-05_UTC.json,"2016 in review. 2017 watch this space. 
#theaussiedoctor #health #healthcare #doctors #australia #summer #healthylifestyle #sydney #medicine #medlife #nursing #mentalhealth #vaccine #2016 #2017 #newyear #newyearnewme #resolution2016 #resolutions #followme #share #sharethis #vaccines #review #fact #facts #motivation #fitness","--
-
ADDRESS
LULUI
PROGRESS / CLINICAL
NOTES
LOCATION / WAR
HERE
SMR050001
COMPLE
Note: All entries must be legible, written in black
printed name, designation and signature.
ATIEN
ealth care pro
Date and Time
(use 24 hr clock)
BINDING MARGIN- NO WPITING
07017 2016 PROGRESS REPORT:
In 2016...
* Suicide was the number I cause of
death for people aged 15-45.
* If a woman is murdered in Austrelia
it is inost likely by her partner, in her home.
* 2 in 3 people are overweight or obese.
This is an increase of 10% in 10years.
* 1 person is diagnosed with Diabetes in
Australia every 5 mins.
* There were more than 400,000 deaths
from Malaria, Over 70% of these
were children younger than 5.
* 3 million people died from vaccine
Dreventable diseases. 1.5 million were
children.
PROGRESS / CLINICAL NOTES
In 2012,
l@ the aussie doctor
#theaussie doctor
213
SN
"
86,2019-02-21_22-10-37_UTC.json,"-üóΩ-
By Ellie McFarland | @el_far_away_land -
Stop Forcing Autistic Masking on Children | In light of the recent measles outbreak, concerns are being raised over the persistent Anti-Vaxx movement, or the ‚ÄúVaccine Skepticism‚Äù movement, which both center around the idea that vaccines don‚Äôt work, or that they cause harm. There is flat-out no evidence to support these ideas. -
Read more at the link in our bio!
-
#71republic #news #media #politics #journalism #opinion #vaccines","HII ANTV
"
87,2018-10-25_22-36-24_UTC.json,"Stay Healthy my friends
#healthandwellness #healthandsafety #health #healthy #wellness #flu #influenza #fluseason #vaccines #vaccinate #vaxxed #vaccinessavelives #livewell #behealthy #vaccinateyourkids #stayhealthy #staysafe","Do you wanna
Get a Flu Shot
"
88,2018-05-25_16-16-21_UTC.json,So thankful for my Boba Wrap. It is the only way Noah will settle today after having his Jabs. #babyboy #bobawrap #realboyswearpinktoo #naptime #babywearing #vaccination, 
89,2019-02-15_09-39-08_UTC.json,When u tell the anti-vaxxer that an autistic kid is better than a dead kid,"Me *uses facts and logic to
prove that vaccines are good
for you*
Anti-vaxxers:
Stop violating me with your different opinion!
"
90,2018-07-30_17-29-44_UTC.json,"Vaccines are the backbone of the entire Pharmaceutical industry... If they can make these children sick from a very early age, they become customers for life. The money isn‚Äôt really to be made in the vaccine industry. The money is made by BIG PHARMA with all of the drugs that are given to treat and address all of the illnesses that are subsequent to the side effects of the vaccines. 
#anti-vaccine #vaccine-dangers @v4vaccines","FORCED VACCINATIONS
LIES
BIG
PHARM
TO
GMO ERID
PROPERTY
US. GOYT
HUMAN
Fud
FEED
DEBT
POLICE
STATE
BEN
GARRISON
CITIZEN CATTLE
SPECIAL THANKS
To ALEX L
GRRRGRAPHICS.cOM
"
91,2017-06-20_19-17-44_UTC.json,"More #urbanadventures üëåüèª
Photo is protected under intellectual property laws, do NOT use in any fashion without permission.
.
.
.
.
.
.
.
.
.
.
#myfamilyisgolden #mancub #motherhoodunplugged #motherhoodthroughinstagram #graffitiart #getoutside #adventureisoutthere #mycityisfilthy #tacomawa #253 #candidchildhood #childhoodunplugged #childrenoftheworld #ourcandidlife #our_everyday_moments #summer2017 #vaccinessavebro #wireandhoney #boymom #honestly_walls","YACCINES
SAVE,
RO
"
92,2017-01-25_19-53-41_UTC.json,Kid kisses üòò üêê #goats #caprine #kid #vaccines, 
93,2018-04-25_23-29-37_UTC.json,"Because who wouldn‚Äôt want to give this kid a shot @ life.
.
.
.
 Stop by our table in Armstrong today and tomorrow and pick up a ribbon or sticker to show your support. 
Protected together, #vaccineswork #A2V 
http://apps.who.int/worldimmunizationweek/
Take the quiz to see if you are a vaccine expert!","shot
@life
UNITED NATIONS
FOUNDATION
"
94,2017-02-08_08-19-55_UTC.json,#cancer,"Acute Emotional Trauma
The Missing Piece
Western orthodox medicine
relies heavily on a
pharmaceutical ""solution"" to
treat cancer, heart
""disease"", and many other
chronic and ""incurable""
conditions. There is a
reluctance to consider the
effects of emotional
trauma as explained by Dr
RG Hamer MD
GNM
New Science
New Medicine
New Hope
An understanding of Dr
Hamer's work will enable you
to assert some control and
confidently make the best
choices and decisions to
achieve the best possible
outcome.
Coaching & Consulting John Theobald BSC ccss@aebc.com
"
95,2017-06-12_22-22-10_UTC.json,"The clues are everywhere stay woke. 
#gullible 
#woke #nasa #conspiracytheory #nwo #trump #chemtrails #zionist #vaccines #fluoride #freemason #falseflag #flatearth #illuminati #reptilian #flatearth #pseudoscience #falseflag #ufo #ancientknowledge","As Ernie turns a P into an
R with the help of his
magic wand, he also plans
to turn Pakistan into
Rubble with the help of his
other magic wand, the
LGM-30 Minuteman III
Ballistic Missile.
"
96,2017-10-21_18-25-34_UTC.json,The masses are definitely waking up! #truth about #vaccines in #america,"Flu Shots
NOT Here Today!
PLEASE
Research side effects
& ingredients before
poisoning yourself!
EDUCATE YOURSELF!
"
97,2018-07-05_03-59-18_UTC.json,"Facts don‚Äôt lie, they don‚Äôt have an agenda, they just are. Research the facts, don‚Äôt trust blindly. üö´üêëüö´üêëüö´ #sids","A LUMINUM
IS USED IN VACCINES
OVER A DECADE AGO, THE FDA DECREED THAT
WE SHOULD NOT INJECT MORE THAN 5 MICROGRAMS OF
ALUMINUM PER KILOGRAM OF BODY WEIGHT PER DAY.
YET THE HEPATITIS B VACCINE HAS MORE THAN 250 MCG OF
ALUMINUM AND A NEWBORN BABY WEIGHS AT THE MOST
5 KILOS. 5x5 MEANS 25 MCG SHOULD BE THE MAXIMUM,
YET WE ARE INJECTING 250 MCG ON THE FIRST DAY
OF LIFE - A TOXIC DOSE OF KNOWN NEURO-TOXIN.
Natural News
anu
AEOCACHI
au
(c) MARCHAGAINSTMONSANTO
"
98,2019-03-19_12-54-37_UTC.json,"Anti wax parents are #proudparents [Btw anti-vax dads exists, too. And they're putting their kids in GRAVE danger]
.
.
.
.
.
.
.
.
.
.
.
.
.
#memes #dankmemes #antivaxmemes #antivaccine #pun #dadjoke","disease
anti-vak
moms
"
99,2019-01-29_20-45-55_UTC.json,"PHOENIX ‚Äî A state senator wants to mandate that #parents be told exactly which #ingredients and chemicals are in #vaccines before their children are inoculated.

The bill introduced by Sen. Paul Boyer, R-Phoenix, would require that any #health professional provide not just the positive effects of #vaccinations but also the full list of ingredients and #sideeffects before a vaccine could be administered.

He pointed to a list from the U.S. #CentersforDiseaseControl and Prevention that says vaccines may variously contain #phosphate, bovine serum, #formaldehyde, fluoride, yeast extracts or human diploid fibroblast cell cultures (cultures of #humanfetaltissue ).Boyer said he‚Äôs not necessarily opposed to vaccinations for #children and sidestepped questions of whether he personally believes vaccines are harmful.

But he said there has been an explosion in the number of vaccines that are scheduled to be given to children, going from five in the 1960s to more than 70 now.

The #legislation comes as the Arizona Department of Health Services is trying to persuade more parents to get their children #immunized. That follows a study which found that an increasing percentage of parents of children entering kindergarten are leaving their kids #unvaccinated for personal reasons.
Everybody who goes for an operation procedure or anything, they‚Äôre informed. They‚Äôre told of all the risks that could happen with whatever procedure it is,‚Äù he said. ‚ÄúThey‚Äôre not given the surgery and then, after the fact, told, ‚ÄòOh, by the way, here are the known #adverseeffects.‚Äô‚Äù
He said that‚Äôs what‚Äôs happening now, as state law calls for parents to be given a sheet listing reactions to watch for after vaccinations.","Arizona lawmaker: All
ingredients, side effects
must be disclosed before
any vaccine
By Howard Fischer Capitol Media Services
Jan 29, 2019 Updated 52 min ago
r
"
